"aldex_norm","edger_norm","comparison","n_kept","n_sig_aldex","n_sig_edger","n_both","n_aldex_only","n_edger_only"
"CLR","TMM","kin vs pup",185,25,85,23,2,62
"CLR","TMM","kin vs mid",179,66,113,54,12,59
"CLR","TMM","kin vs you",160,111,137,109,2,28
"CLR","TMM","kin vs mage",166,41,89,39,2,50
"CLR","TMM","kin vs eld",156,77,121,73,4,48
"CLR","TMM","kin vs cent",227,122,162,107,15,55
"CLR","TMM","pup vs mid",207,73,113,72,1,41
"CLR","TMM","pup vs you",165,122,148,121,1,27
"CLR","TMM","pup vs mage",218,61,119,52,9,67
"CLR","TMM","pup vs eld",220,132,176,123,9,53
"CLR","TMM","pup vs cent",173,98,139,82,16,57
"CLR","TMM","mid vs you",186,106,151,91,15,60
"CLR","TMM","mid vs mage",202,29,101,25,4,76
"CLR","TMM","mid vs eld",209,86,143,75,11,68
"CLR","TMM","mid vs cent",238,99,158,75,24,83
"CLR","TMM","you vs mage",186,100,146,98,2,48
"CLR","TMM","you vs eld",189,25,80,23,2,57
"CLR","TMM","you vs cent",190,101,158,100,1,58
"CLR","TMM","mage vs eld",173,44,116,44,0,72
"CLR","TMM","mage vs cent",251,100,162,91,9,71
"CLR","TMM","eld vs cent",252,63,153,61,2,92
"CLR","TMMwsp","kin vs pup",185,25,87,25,0,62
"CLR","TMMwsp","kin vs mid",179,66,115,54,12,61
"CLR","TMMwsp","kin vs you",160,111,141,108,3,33
"CLR","TMMwsp","kin vs mage",166,41,89,38,3,51
"CLR","TMMwsp","kin vs eld",156,77,117,73,4,44
"CLR","TMMwsp","kin vs cent",227,122,156,103,19,53
"CLR","TMMwsp","pup vs mid",207,73,111,72,1,39
"CLR","TMMwsp","pup vs you",165,122,152,120,2,32
"CLR","TMMwsp","pup vs mage",218,61,124,48,13,76
"CLR","TMMwsp","pup vs eld",220,132,180,122,10,58
"CLR","TMMwsp","pup vs cent",173,98,138,83,15,55
"CLR","TMMwsp","mid vs you",186,106,153,97,9,56
"CLR","TMMwsp","mid vs mage",202,29,108,25,4,83
"CLR","TMMwsp","mid vs eld",209,86,145,78,8,67
"CLR","TMMwsp","mid vs cent",238,99,156,79,20,77
"CLR","TMMwsp","you vs mage",186,100,149,99,1,50
"CLR","TMMwsp","you vs eld",189,25,78,22,3,56
"CLR","TMMwsp","you vs cent",190,101,153,97,4,56
"CLR","TMMwsp","mage vs eld",173,44,114,43,1,71
"CLR","TMMwsp","mage vs cent",251,100,159,87,13,72
"CLR","TMMwsp","eld vs cent",252,63,156,61,2,95
"CLR","RLE","kin vs pup",185,25,85,19,6,66
"CLR","RLE","kin vs mid",179,66,114,55,11,59
"CLR","RLE","kin vs you",160,111,131,107,4,24
"CLR","RLE","kin vs mage",166,41,83,37,4,46
"CLR","RLE","kin vs eld",156,77,125,73,4,52
"CLR","RLE","kin vs cent",227,122,174,94,28,80
"CLR","RLE","pup vs mid",207,73,131,70,3,61
"CLR","RLE","pup vs you",165,122,154,120,2,34
"CLR","RLE","pup vs mage",218,61,124,36,25,88
"CLR","RLE","pup vs eld",220,132,179,107,25,72
"CLR","RLE","pup vs cent",173,98,148,76,22,72
"CLR","RLE","mid vs you",186,106,153,97,9,56
"CLR","RLE","mid vs mage",202,29,106,24,5,82
"CLR","RLE","mid vs eld",209,86,160,55,31,105
"CLR","RLE","mid vs cent",238,99,189,59,40,130
"CLR","RLE","you vs mage",186,100,146,95,5,51
"CLR","RLE","you vs eld",189,25,81,20,5,61
"CLR","RLE","you vs cent",190,101,162,96,5,66
"CLR","RLE","mage vs eld",173,44,122,39,5,83
"CLR","RLE","mage vs cent",251,100,179,70,30,109
"CLR","RLE","eld vs cent",252,63,166,59,4,107
"TSS","TMM","kin vs pup",185,12,85,11,1,74
"TSS","TMM","kin vs mid",179,66,113,54,12,59
"TSS","TMM","kin vs you",160,107,137,105,2,32
"TSS","TMM","kin vs mage",166,43,89,38,5,51
"TSS","TMM","kin vs eld",156,78,121,74,4,47
"TSS","TMM","kin vs cent",227,115,162,104,11,58
"TSS","TMM","pup vs mid",207,93,113,77,16,36
"TSS","TMM","pup vs you",165,125,148,124,1,24
"TSS","TMM","pup vs mage",218,62,119,55,7,64
"TSS","TMM","pup vs eld",220,136,176,128,8,48
"TSS","TMM","pup vs cent",173,106,139,98,8,41
"TSS","TMM","mid vs you",186,112,151,90,22,61
"TSS","TMM","mid vs mage",202,41,101,29,12,72
"TSS","TMM","mid vs eld",209,83,143,74,9,69
"TSS","TMM","mid vs cent",238,92,158,75,17,83
"TSS","TMM","you vs mage",186,100,146,98,2,48
"TSS","TMM","you vs eld",189,30,80,25,5,55
"TSS","TMM","you vs cent",190,114,158,110,4,48
"TSS","TMM","mage vs eld",173,38,116,38,0,78
"TSS","TMM","mage vs cent",251,97,162,92,5,70
"TSS","TMM","eld vs cent",252,67,153,65,2,88
"TSS","TMMwsp","kin vs pup",185,12,87,11,1,76
"TSS","TMMwsp","kin vs mid",179,66,115,54,12,61
"TSS","TMMwsp","kin vs you",160,107,141,104,3,37
"TSS","TMMwsp","kin vs mage",166,43,89,37,6,52
"TSS","TMMwsp","kin vs eld",156,78,117,74,4,43
"TSS","TMMwsp","kin vs cent",227,115,156,101,14,55
"TSS","TMMwsp","pup vs mid",207,93,111,71,22,40
"TSS","TMMwsp","pup vs you",165,125,152,123,2,29
"TSS","TMMwsp","pup vs mage",218,62,124,52,10,72
"TSS","TMMwsp","pup vs eld",220,136,180,127,9,53
"TSS","TMMwsp","pup vs cent",173,106,138,99,7,39
"TSS","TMMwsp","mid vs you",186,112,153,96,16,57
"TSS","TMMwsp","mid vs mage",202,41,108,32,9,76
"TSS","TMMwsp","mid vs eld",209,83,145,77,6,68
"TSS","TMMwsp","mid vs cent",238,92,156,78,14,78
"TSS","TMMwsp","you vs mage",186,100,149,99,1,50
"TSS","TMMwsp","you vs eld",189,30,78,25,5,53
"TSS","TMMwsp","you vs cent",190,114,153,108,6,45
"TSS","TMMwsp","mage vs eld",173,38,114,38,0,76
"TSS","TMMwsp","mage vs cent",251,97,159,88,9,71
"TSS","TMMwsp","eld vs cent",252,67,156,65,2,91
"TSS","RLE","kin vs pup",185,12,85,11,1,74
"TSS","RLE","kin vs mid",179,66,114,55,11,59
"TSS","RLE","kin vs you",160,107,131,104,3,27
"TSS","RLE","kin vs mage",166,43,83,35,8,48
"TSS","RLE","kin vs eld",156,78,125,74,4,51
"TSS","RLE","kin vs cent",227,115,174,94,21,80
"TSS","RLE","pup vs mid",207,93,131,84,9,47
"TSS","RLE","pup vs you",165,125,154,123,2,31
"TSS","RLE","pup vs mage",218,62,124,43,19,81
"TSS","RLE","pup vs eld",220,136,179,117,19,62
"TSS","RLE","pup vs cent",173,106,148,87,19,61
"TSS","RLE","mid vs you",186,112,153,96,16,57
"TSS","RLE","mid vs mage",202,41,106,29,12,77
"TSS","RLE","mid vs eld",209,83,160,55,28,105
"TSS","RLE","mid vs cent",238,92,189,55,37,134
"TSS","RLE","you vs mage",186,100,146,95,5,51
"TSS","RLE","you vs eld",189,30,81,21,9,60
"TSS","RLE","you vs cent",190,114,162,110,4,52
"TSS","RLE","mage vs eld",173,38,122,37,1,85
"TSS","RLE","mage vs cent",251,97,179,82,15,97
"TSS","RLE","eld vs cent",252,67,166,63,4,103
