"taxon","estimate","std_error","pval_adj"
"0",-0.00413209610203598,0.002472559437536,0.484375656152241
"1",-0.00675767177753574,0.0017264739768873,0.484375252103961
"2",0.00990068702032173,0.0033244640911772,0.484375000000067
"3",-0.0320263231428423,0.00173401283566933,0.5
"4",0.0137246487135618,0.00287183355258078,0.471419108465718
"5",-0.0205033801636239,0.00213496730325812,0.500000000338502
"6",-0.0794276103719896,0.00335452291517479,0.42187500249174
"7",-0.03343902615347,0.00273968667532012,0.500000002240345
"8",-0.0338678445037946,0.00197155683701442,0.500000000000001
"9",-0.025926414272858,0.00343965379193714,0.501205992571953
"10",-0.0412311349816355,0.00262008682090014,0.485337274061042
"11",0.00269952068375247,0.00265899851336685,0.484375000015971
"12",-0.0151502438282536,0.00189150166098201,0.493718837677835
"13",-0.0413292034568328,0.00217968364138061,0.482457677697937
"14",-0.014293723493228,0.00262750702895564,0.493864742572243
"15",-0.0305041377589252,0.00207227219936345,0.500000000381204
"16",-0.0100785996045401,0.00375597670415653,0.48692917162598
"17",-0.00956611098811172,0.00186725889971095,0.484519613771311
"18",-0.0389730733615607,0.0026593817738128,0.496137775625407
"19",-0.0265600069886083,0.00203452908188125,0.500003913558294
"20",-0.0469718918873618,0.00227085685119359,0.461174878531682
"21",0.00589634621892314,0.0023641879750133,0.484375
"22",-0.0346073262162271,0.00208421729281913,0.500000000000002
"23",-0.0373600840889547,0.00378066534369473,0.50000021724698
"24",-0.0303138241076195,0.00281520810951599,0.500001644748239
"25",-0.0403359313487655,0.00283737215207237,0.487905492334142
"27",-0.0250791215307957,0.00244154941625536,0.500026547754904
"28",-0.0313596827919957,0.00377739239854594,0.500143532670932
"29",-0.012532116615453,0.00214504566061678,0.488802145111262
"30",-0.0255946816398597,0.00202706882885436,0.500005202134751
"31",-0.0105492750961922,0.00401501048981799,0.488257813083822
"32",-0.0313134524292061,0.00196136951335905,0.50000000000383
"33",0.0115688643073846,0.00316689784825716,0.478697599449064
"34",-0.0130022134023088,0.002618296783832,0.49154913569907
"35",-0.00430301137829218,0.00225301970540477,0.484375358549956
"36",-0.0246322177962784,0.00184217573310387,0.500000271029176
"37",-0.0300105191815836,0.00256099024304981,0.500000211539027
"38",-0.00264117269182102,0.00214310991160518,0.484375001325981
"39",-0.0411770707809826,0.00353383893402471,0.4898597421761
"40",-0.0188368527798839,0.00337410501084477,0.500003118660967
"41",0.0167048344046691,0.00366755812591312,0.46943430053325
"42",-0.0446978106080833,0.00308520446116778,0.478969667831556
"43",-0.0036460577637044,0.00311382801587161,0.484381752787131
"44",-0.0161650042157263,0.00223955954817829,0.498565500757667
"45",-0.004384073074626,0.00391590597003537,0.484590831282038
"46",-0.0104271157480391,0.00260112254521333,0.486445877755151
"47",-0.0543005826968047,0.00355151637100545,0.454607669209485
"48",0.00632264985961285,0.00388257817586899,0.484375000070919
"49",-0.0163165765214326,0.00240333178938893,0.497727696995075
"50",-0.0193310994724287,0.00202386700255179,0.500000000004181
"51",0.000378120904846277,0.00277858625161511,0.484375003504754
"52",-0.0210191127576352,0.00241490347156429,0.500000216164984
"53",0.0140231897819685,0.00318020536060975,0.473092463793726
"54",-0.0248727281347727,0.00327367159497826,0.500122169511419
"55",-0.0179126340440454,0.00288196748107626,0.500000000806629
"56",-0.015023456184374,0.00295294019184999,0.494417403470237
"57",0.00876940749443598,0.00345743201156411,0.484375000023666
"58",-0.0151259847262249,0.00262288938591134,0.496353132481572
"59",-0.00360363291495238,0.00229676841690591,0.484375305201173
"60",-0.0221789007270476,0.00342235263108749,0.500298999719298
"61",-0.0239809889593801,0.00231955381318515,0.500002741915317
"62",-0.00951874604821328,0.00213522270737176,0.484724370229166
"63",-0.00501660448034105,0.00261484074993314,0.484377160758487
"64",-0.0147660047759294,0.00370968787107075,0.490729654706126
"65",0.010461748058821,0.00268499651234509,0.477179017373234
"66",-0.00647247876511062,0.00246775502682855,0.484396092504247
"67",0.0180997155920533,0.00412678380313148,0.470296769858303
"68",0.00582553426308384,0.0024877917125933,0.484375
"69",-0.0372155771138896,0.0032640460816303,0.50000000181078
"70",-0.0100663046382713,0.00355080897366803,0.486270770325721
"71",-0.0323070539830181,0.00355211394012784,0.500000333829193
"72",-0.00641478364186038,0.00245387899306846,0.484381140380236
"73",-0.0133372489865966,0.00365752872500295,0.493425456999994
"74",-0.00610904533591475,0.00356134788742214,0.484759657581352
"75",0.000640208594417214,0.00284592958794886,0.484375013211421
"76",-0.0291888785336199,0.00374896134575097,0.500742441385223
"77",-0.0136863605080547,0.00218742631747849,0.491713625566977
"78",-0.0103846970791315,0.00393315975732677,0.489378198990088
"79",0.00771310341291803,0.00338204770580843,0.48437500310454
"80",-0.0237500958985225,0.00241306677723154,0.500003891362444
"81",-0.0092104491205232,0.00250646340399932,0.485658008446632
"83",0.0292872788388392,0.00424500759036018,0.45969957086012
"84",0.0156215742493112,0.00345247350353196,0.469940994642444
"85",0.018750758761616,0.00322187597387154,0.469128077666894
"86",0.0110034893710614,0.00332013683945387,0.484375000000602
"87",-0.0139967715548072,0.00401744228888858,0.499731974984021
"88",-0.00588567694109299,0.00396463996931747,0.486448216999196
"89",-0.00375994045179926,0.0040040891424583,0.484413961891101
"90",-0.0213825410045771,0.00308063624680841,0.50004607440085
"91",-0.0336410195481511,0.00263186064971823,0.50000000023983
"92",0.0213104940187169,0.00390404966802272,0.468952577026524
"93",-0.0224421532336239,0.00199337796461091,0.500000013409495
"94",-0.00228288504776946,0.00301422963808534,0.484375035753878
"95",-0.0115451681218505,0.00257181263308692,0.490414673567984
"96",-0.0349928727210614,0.00317766052301883,0.500000016512336
"97",-0.0242386993187695,0.0023673680515027,0.500007227231756
"98",0.00179112918163606,0.00270110249837643,0.484375000001396
"99",-0.0077291932990999,0.00244321377278759,0.484486451762988
"100",-0.0194183322003844,0.00276036425490166,0.500000224770406
"101",0.0283017307733405,0.00384400214609555,0.46091876971285
"102",-0.0261733530015999,0.00384366306623751,0.502661879026727
"103",0.0128065057510646,0.00341241591180517,0.479647489275706
"104",-0.000433288652643277,0.00328077907415918,0.48437564530938
"105",-0.0207321159398455,0.00189279404670909,0.500000000008413
"106",-0.0184728306311798,0.00271590159820932,0.500000045431376
"107",-0.0405388874526915,0.00284604815723567,0.493356203787105
"108",0.00508831604061545,0.00392969196618771,0.484375226303003
"109",-0.0100107056794878,0.00389190926269136,0.493618320902589
"110",-0.00889008438641558,0.00250278381595159,0.484677564344272
"111",-0.00251734015782032,0.00352430620098483,0.484429641636467
"112",0.00671843381444453,0.0024728541048833,0.484375
"113",-0.0191326632829083,0.00383867652383121,0.5000024666189
"114",-0.0185633702009046,0.00335508013448251,0.500014301768358
"115",0.024489585922651,0.00343787060535717,0.460870593231759
"116",-0.00622348901571045,0.00350498550908613,0.484513302991847
"117",0.00160610825191803,0.00373355254799362,0.484382353243113
"118",-0.00928500708622157,0.00307441450532287,0.485755044576743
"119",0.000630183383775787,0.0028837427698552,0.484375023882771
"120",-0.0279802898769583,0.0022769088066552,0.500001592166359
"122",-0.00319911280801257,0.00363502962794224,0.484412689942265
"123",-0.0485769595119898,0.00293696104983863,0.462712437302751
"124",-0.00677288605857353,0.00289906032131445,0.484466161221434
"125",-0.00861063705016708,0.00303616762475806,0.485001264264781
"126",-0.00304091321918286,0.00306692445315716,0.484377545361089
"127",-0.0254974918768831,0.00359712364986781,0.500711759892633
"128",-0.00362062472555568,0.00316840874622774,0.484409763180957
"129",-0.00269415768170905,0.00334640616074123,0.484502776459467
"130",-0.00584863243880169,0.00386732077005323,0.484823654790907
"131",0.000688748996933808,0.00366926522842241,0.484377301210521
"132",0.0125914775235179,0.00384678929547755,0.475968497160846
"133",-0.00577924004810733,0.00318474783553088,0.486356806004045
"134",0.0302286361589118,0.00383755325252422,0.453215162609558
"135",0.00299125370012492,0.00320087053315071,0.484375001153196
"136",-0.0220334670422572,0.0034109809510952,0.500020815959806
"137",-0.0119789502283998,0.00292239841326212,0.487129462537832
"138",-0.000838935004988667,0.00375232510419305,0.484379598946728
"139",-0.0192927249533298,0.00382973094614646,0.500055593548773
"140",-0.0198738823318132,0.00321041051331749,0.500004575997479
"141",-0.0055068440064132,0.00393749807322134,0.486233316629128
"142",0.00691933533138092,0.00381304082578961,0.484375567973646
"143",-0.00482141526138156,0.00372417130010437,0.484751838977609
"144",-0.036812839974152,0.00371303592806705,0.500000012630668
"145",0.0268457344111164,0.00337699669829375,0.455846250161084
"146",-0.017984522771212,0.00247376675561334,0.500000001038888
"147",0.00929059201851466,0.00370957710791279,0.48437500005586
"148",0.00941960143786698,0.00300372186722118,0.48437500000001
"149",0.0144346386631033,0.00383876310036525,0.476545917535622
"150",0.0122650924002306,0.0035973639191387,0.483825596984114
"151",-0.0254070143142394,0.00390962614203785,0.502980115622977
"152",-0.0149966085633068,0.0031876674675532,0.49374172126233
"153",-0.051312365142959,0.0036623777398338,0.458673375659171
"154",0.0132272096455683,0.00391378869241134,0.484375000007019
"156",-0.00766638534965767,0.0037943595213768,0.484767305712597
"157",-0.0150337320669954,0.0035651798472052,0.500000092420037
"158",-0.0232860779489255,0.00326407989388383,0.49704266970399
"160",-0.00123772884868668,0.00288885191737918,0.484375009143468
"161",0.0100748905219445,0.00376736058869355,0.484375000020986
"163",0.00125206443448525,0.0032908273173516,0.484375553057235
"164",0.00138978737072915,0.00358384032776941,0.484378383784867
"165",-0.0143949041730497,0.00298921623263174,0.49658741116512
"166",-0.00676620583828451,0.00328455829409148,0.48477250747606
"167",0.0100807962816403,0.00389266510374096,0.484375000055694
"168",0.00933587273426795,0.00388837513267098,0.484375000000415
"169",-0.0331576731439859,0.00330443024635429,0.500002313324521
"170",-0.0150370338304822,0.00370404631842233,0.499403495683886
"171",-0.00405465095908544,0.00376481810531293,0.484413502700219
"172",-0.00214504690113077,0.00355280975605507,0.484435854346114
"173",-0.024125131647902,0.00324859562141825,0.50052585890369
"174",0.0170857964066879,0.00314094996660262,0.469055457376081
"175",-0.00226260448679174,0.00381101549294176,0.484379345240616
"176",-0.0133773771956395,0.00326444601522615,0.492550040210796
"177",-0.00257306255770309,0.00307992632845153,0.48439700800236
"178",0.0181850196382433,0.00363238254084955,0.467467217020178
"179",-0.0125463759318003,0.00326430055479744,0.491023719800512
"181",0.0110962474223589,0.00328748707106552,0.481924026721282
"182",-0.00459473067587362,0.00343328523383636,0.484566939971657
"183",-0.00386321428678091,0.00340038248331434,0.48487881864063
"184",-0.00694682241359254,0.00358117313528954,0.484449136507197
"185",-0.00700369544750367,0.00377545403129456,0.485788927840522
"186",-0.023708290046203,0.00258013190946929,0.500004680148208
"187",-0.00411065063444905,0.00324351694090284,0.484477438026315
"188",-0.00165596509337839,0.00327855757147704,0.484565079488704
"190",-0.00323096182445122,0.00340872387497007,0.484486563262649
"191",-0.0276121258798227,0.00371511706019191,0.501358076880378
"192",0.00421827391350862,0.00374824496984117,0.484375000483294
"193",0.00711684700928662,0.00400106758878506,0.484375006238321
"194",-0.0300762760415162,0.00358686119604549,0.500225188517308
"195",-0.0181059157683039,0.00357649934465524,0.500003671054939
"196",0.00112145217876711,0.00358004191605522,0.484375639090777
"197",-0.00415464585665261,0.00359142371932474,0.484376149469244
"198",0.0105188265459717,0.00358688980526803,0.484375000013418
"199",-0.00325065707986669,0.00325459180925215,0.48440739004223
"201",-0.0115779518995637,0.00306458512773097,0.494385510539886
"204",-0.00167425970249543,0.00353310883129965,0.484379280156115
"205",-0.0077248409727413,0.00359469786088819,0.486616135816286
"206",0.00771063084754402,0.00379136194467275,0.484375109630759
"207",-0.0124908222083316,0.0032411632573341,0.492516615968807
"208",-0.00754842007651621,0.00337604029341559,0.485018560506239
"209",0.0126550875462779,0.00367181081407952,0.473505278960372
"210",0.00825404481667493,0.00342856713612497,0.484375000000223
"211",-0.0319221245307308,0.00366984995814848,0.500113806522644
"212",-0.0196457154635435,0.00364100868968879,0.500079384021241
"213",-0.0107669226212473,0.00328249042976176,0.491888982830961
"214",-0.00959611840286203,0.00307647325715906,0.489025532875438
"215",0.0114531671406269,0.00343444985012212,0.48437500000119
"216",-0.0186931119325918,0.00361165866367353,0.500002590765213
"217",-0.0224996599855128,0.00309950389204586,0.500005337045692
"218",-0.0193819082726386,0.00316176557995664,0.500002083401152
"219",0.0122796209628012,0.00343189458179814,0.484375
"220",0.0353773838123659,0.00367135690071541,0.445770835989527
"221",-0.0110471728587813,0.0032315746438581,0.489295267090913
"222",-0.0359690244180987,0.00294834728724053,0.500000000055336
"223",-0.00267399876296914,0.00366913315594432,0.484707164553232
"224",-0.00895807734743135,0.00346522151639936,0.485432972892627
"225",0.00436669233786147,0.00373387927016386,0.484375036261148
"227",-0.00987953661626217,0.00347521247570157,0.486372746847875
"228",-0.0198679203290777,0.00330665080110062,0.500006035706013
"229",-0.00811015080389192,0.00326738091773322,0.485751938284966
"230",0.0288424170347164,0.00365085076452623,0.454131627102043
"231",-0.00819461316858283,0.00342027907299795,0.485388734611669
"232",-0.00601792502738372,0.00347600539912109,0.485703096708785
"233",-0.0383640424451743,0.00341569728047793,0.500000000481558
"234",-0.0264126323857565,0.00351949508028162,0.500531707529738
"235",0.00128225735588494,0.00340018012500468,0.484411753656173
"236",-0.0111613378989503,0.00303176225398367,0.492689002005428
"238",-0.0185314561622156,0.00367591938837999,0.500002006323577
"240",0.00349603448347008,0.00352283388714553,0.484375532823735
"241",-0.00508269940664826,0.00360717320718322,0.484380982592811
"242",-0.0170322084044416,0.00364677290752956,0.498268579960203
"244",-0.00408238748127137,0.00375944738187427,0.484717979493318
"245",-0.0194353128928215,0.00318569574365945,0.500130320568285
"246",-0.019953422820376,0.00349771870564183,0.500000188959083
"247",-0.00637491439966604,0.0033177565004893,0.484676951103294
"248",-0.0152508284381923,0.00331384904648543,0.497971316068691
"249",-0.0186395551783536,0.00379001345795445,0.500059821610211
"250",0.00243492636378828,0.00361435471783388,0.484375004551035
"251",-0.0115332749514928,0.00312878528583622,0.490139021789342
"252",0.0199345273873438,0.00342045553571555,0.465129263470539
"254",-0.0201748423059399,0.00356389573608457,0.500014664339153
"255",-0.000297040633791843,0.00367245171402227,0.484375824207177
"256",-0.0121444601091102,0.00308103393733495,0.49271322436464
"257",-0.0010385048685897,0.00305737056982862,0.484376072964266
"258",-0.0121144349153494,0.00344504812326662,0.486950055036639
"259",-0.00844791012559023,0.00357484567826477,0.485422504595795
"260",-0.00930335887761033,0.00312522557736509,0.488595094911033
"261",-0.0199399902967117,0.00307226603176921,0.500020509326046
"262",-0.00120904110555929,0.00358494606843809,0.48437887091061
"264",-0.00265055670600625,0.00325426227215897,0.484375725793464
"265",-0.0197266516429696,0.00353671487364116,0.500000681487711
"267",-0.0224553985675884,0.00311220517832944,0.500014024739672
"268",-0.00377604432753987,0.00373714889115107,0.484830167179264
"269",-0.0127271689069313,0.00303286286778126,0.488425602466633
"270",-0.013709985314004,0.00344610903130099,0.49097334428283
"271",-0.0191602047141868,0.00319762142540215,0.500004823866044
"272",0.0181073564932844,0.00369556549243307,0.468760149689933
"273",-0.0169245932465795,0.00307205010815976,0.500000016379673
"274",-0.024137464762057,0.00344446644090083,0.500129689286028
"275",-0.00995679185188008,0.00304074726479564,0.48524715605469
"276",-0.0185259373197612,0.00336148745908392,0.500007229037176
"277",-0.0107471516947866,0.00343337236822524,0.49254488233089
"278",0.00202820733398644,0.0036942111725127,0.484390031761854
"279",0.00231102482764084,0.00354771920480267,0.484393739502475
"280",-0.00064755452633466,0.00338798312155438,0.484844963022792
"281",0.000838059206444007,0.00350141058105391,0.484375000287947
"282",-0.0378205919709703,0.00315201209126667,0.500000000133521
"283",-0.0212639305133241,0.0032281602111942,0.500025171690502
"284",0.00918790353421647,0.00362781892249949,0.481458230682703
"285",-0.00888937099905146,0.00317404880638741,0.484505531800295
"286",0.00423389910355269,0.00244894636549079,0.484375
"287",-0.00145023315176348,0.00343000042327233,0.484379255955955
"288",-0.000628824841760936,0.00346444336997087,0.484375282090698
"289",-0.000396553722498337,0.00343002734737406,0.484381674542881
"290",-0.0229435209509676,0.0029998213870936,0.500254724100552
"291",0.0151504926448534,0.00348438272907412,0.469866634321501
"292",-0.00193397651752168,0.00287852886170567,0.484375246325451
"293",-0.00960810849445292,0.00317405742849065,0.48811331922686
"294",-0.00757587937399608,0.00326852830371497,0.484488211477319
"295",-0.0101576731972583,0.00367342906140612,0.489582746430629
"297",-0.0247251554929914,0.00326759417603304,0.501198818352567
"298",-0.0142137674591346,0.00323725740545461,0.497089881941097
"299",-0.000864406079263733,0.00350674584636046,0.484376210139135
"300",-0.000759541394566366,0.00323752388170689,0.484378690291271
"301",0.000622298460358523,0.00335253146414873,0.484379533740651
"302",-0.00977749673006547,0.00334490922819113,0.486706300615604
"303",-0.0119315316069889,0.00308318047324768,0.48754567225916
"304",-0.0185379467080317,0.00277007398082243,0.50000000675813
"307",0.00936192775874808,0.00301840269795654,0.484375
"308",-0.00447867640595641,0.00348655868117882,0.484946227756207
"309",0.0220965495098065,0.00353879308514606,0.458531578878602
"310",-0.00136967152965335,0.00361070650922841,0.484375431254606
"311",-0.0114216310196609,0.00309510609971716,0.487547642974511
"312",-0.00968682379767016,0.0032367148153923,0.485458558924362
"313",0.013057305579141,0.00360700044371941,0.484375
"314",-0.0434598506832555,0.00298782124327801,0.480677683004344
"316",-0.00560570654155831,0.00352829638162563,0.484425835152528
"317",-0.00236138058591294,0.00324973553240083,0.484375351011056
"318",-0.00097109064480607,0.00349807233100032,0.484379091529466
"319",0.00213269503093924,0.00348967802976542,0.484375003431585
"320",-0.00756237584540919,0.00347883141230691,0.484486686396631
"321",-0.00849509944920775,0.00316068124932032,0.485666263216235
"323",0.00849017720435659,0.00353633192070173,0.483195655235805
"324",-0.0240651856220621,0.00299844593823806,0.500034121803541
"325",-0.00473512487011458,0.00327867063432096,0.484681449058071
"326",-0.00697439633838568,0.00314579787502798,0.484695729136124
"327",-0.006374089294424,0.0032496237059659,0.484389898682529
"328",-0.0164719988264661,0.00320857833835709,0.497999007554674
"329",-0.0104362531697995,0.00356131881249994,0.486186512727547
"330",-0.0104609762549891,0.00327142642778125,0.484456151806435
"332",-0.013932647269357,0.00323092755022258,0.500000006431126
"333",-0.00265571671092477,0.00338921983750121,0.48487291627546
"334",-0.00476270407895377,0.00325718840163026,0.484515488332128
"335",-0.0122555218514169,0.00355019609486802,0.48836674166405
"336",-0.0140004765711181,0.00325790429522136,0.500000022449342
"337",-0.00462508978608953,0.00353199218404835,0.484449206849321
"339",-0.011904369350237,0.00333265693734832,0.492414173170248
"340",-0.00861955831047998,0.00327490587449821,0.484459657446965
"341",-0.000909848479182047,0.0037630857651963,0.484382250447874
"342",-0.0142097723283594,0.00319353828915382,0.49282985913519
"344",0.00537729858612398,0.00345450934171127,0.484375000052224
"345",-0.0133856676045633,0.00315825925527006,0.494682715044424
"346",-0.0178425444167396,0.00331722520369548,0.49853740137486
"347",-0.0126865382799563,0.00307212004532882,0.492910202558387
"348",-0.00319394500361983,0.00299395924657693,0.484378556738803
"349",-0.00677918830519963,0.00318551934762324,0.484967346235743
"351",0.000873727162974031,0.00344588368260813,0.484551429046103
"352",0.000473053289183224,0.00338550270429471,0.484375401648011
"353",-0.00822530669772748,0.00350180543043086,0.484634697162523
"354",0.00690503916968574,0.00333122405926649,0.484375000003985
"355",-0.0355661519254158,0.00299983423659955,0.500000502000883
"356",-0.00963981313949762,0.00321215940808222,0.48479591659267
"357",-0.00784178792211275,0.00327539357250572,0.48588996297867
"358",-0.00825921296022857,0.00325274982504809,0.484944265638602
"359",-0.0117999453660781,0.00329181275909026,0.49275029381606
"361",-0.0128231111625936,0.00312672708619533,0.495804526664579
"362",-0.0130515808438846,0.00325066825106803,0.493069782164813
"363",0.00236418149987382,0.00337825398013211,0.484375019502696
"365",0.0100534378373287,0.00346883927656031,0.484375000000343
"366",0.000280143695624503,0.00363460525593674,0.48437883805668
"367",0.00772434586098616,0.00354087768112201,0.484375000154507
"368",-0.0110644373152409,0.00316945602896237,0.485584496779162
"369",-0.0115460096170104,0.00302515954880753,0.485546203031455
"370",-0.01073232668055,0.0031215908647292,0.490654423744313
"371",-0.0117448791601161,0.00302484191057728,0.488771896609638
"372",-0.0327966280736398,0.00297056544504526,0.500000122663538
"373",-0.00833201337043537,0.00328104419937249,0.487177997809147
"376",-0.0041065513706492,0.00325999349066843,0.48441257052309
"377",-0.00829118342281059,0.00311356714999863,0.484484803337803
"378",-0.0182748454897144,0.00331060622859886,0.500000680462819
"379",0.000715711044854306,0.00306934108622798,0.484375556243865
"380",-0.00874417535704096,0.0033786134505918,0.485097509039922
"381",-0.012421407999979,0.00316437285720209,0.490890482211453
"382",-0.00766173776836849,0.00315144404056521,0.488470408997648
"383",0.0214657016097356,0.00345807560631599,0.461370011125405
"384",-0.0162240252317194,0.00293384216391805,0.496634038310643
"385",-0.0124051186883494,0.00311438094941856,0.48652697980875
"388",-0.00166898368576249,0.0034222658539458,0.484384606879481
"389",-0.00635546722142123,0.00343475882130803,0.484442507196319
"390",-0.00941723342986488,0.00316425464470975,0.492975368924945
"392",-0.0244442526174998,0.00334625093549797,0.500058590076066
"393",-0.0130612223015135,0.00326883477251626,0.489888952627438
"394",-0.0218945745189124,0.00339116485983339,0.500025591598673
"395",0.00511287664915452,0.00298608355595823,0.484375000856642
"396",0.012106280326076,0.00314157517459417,0.475991364566163
"397",-0.00895616806444665,0.00321415150482281,0.484820029337712
"398",0.00664977099045035,0.00335792242845714,0.484375000262744
"399",-0.00764592085503769,0.00301608893081636,0.484611153259633
"400",0.00427247149657828,0.00356127995502886,0.484375014932151
"401",-0.00582093545835655,0.00326729613423706,0.484383441085119
"402",-0.0143688894031985,0.00319204957459819,0.500000001386378
"403",-0.00378381728614085,0.00349692302522321,0.484492959044695
"404",-0.00925651253745566,0.00310747746676144,0.484695243826434
"405",0.00759167832810083,0.00355305619465916,0.484375018549582
"406",0.0028407560570387,0.00350441139449425,0.484375135010829
"408",-0.0118968490790821,0.00307308782011041,0.486425446955883
"410",0.0105238041613195,0.00340704981852729,0.484375000000015
"412",0.00208173707192057,0.00340317061506839,0.484375241087116
"414",-0.0157112773200107,0.00323524057319077,0.494818474207845
"415",-0.00382586809393837,0.00335655223068961,0.484715380926165
"416",-0.000799304946116462,0.00350065320956913,0.484376046407743
"417",-0.00430402720652174,0.00326963025220729,0.484498994684108
"418",0.013199884240014,0.00362585182396125,0.484375000000021
"419",-0.00690547864337993,0.00316589298373154,0.487630713365142
"420",-0.00226957270786178,0.00330105653995097,0.484381199530166
"421",0.0011302419835197,0.00337831682261191,0.484376417037355
"422",-0.0253240563948185,0.00320407108860359,0.501249158678437
"424",-0.00739300379372812,0.00337856160909679,0.486125984882022
"425",0.0062226833983852,0.00336805756986312,0.484375000007249
"426",-0.0101434020487824,0.00350608962438986,0.488096903777079
"427",-0.00765650419968591,0.00314790952186676,0.485907843801514
"429",-0.025937504155297,0.00331617544780524,0.500256058308074
"430",-0.00562886782786471,0.00319145401069118,0.48437519426615
"431",-0.0260627913934514,0.00296786669128017,0.500469968753107
"433",-0.0016731051176181,0.00267449071121239,0.484375003287274
"434",7.95294903034763e-05,0.00329787977858251,0.484375200490091
"435",-0.00334588550387229,0.00324671025895204,0.48535792419794
"436",-0.0157840003354075,0.00315215309340731,0.500000000470842
"437",-0.00963792441059548,0.00316982535055608,0.486985508670565
"438",-0.000422565567493061,0.00354433262805589,0.484375006191245
"439",-0.00392336108370188,0.00330990251781059,0.484376768627022
"440",0.00172017518116737,0.00313415611884381,0.484375011715082
"441",0.00579553939768788,0.00334312119530034,0.484375000001311
"443",-0.0083724619914148,0.00317772539843144,0.48462117025403
"444",-0.0126687517673929,0.00309870157542018,0.492239838136001
"445",0.00605732935432127,0.00346029643471277,0.484375000013863
"446",-0.00998025895272984,0.00312700353822018,0.488743260929199
"447",0.00162708475760245,0.00330409811354001,0.484375022350137
"448",-0.0124072096547373,0.00307008511300403,0.494951551006642
"450",-0.00752367490039209,0.00346237683888836,0.485266722194488
"451",0.0124127800622055,0.00365046753416351,0.477023525951598
"452",-0.0128322064356657,0.0031009019957497,0.486856427470618
"453",-5.03469577870356e-05,0.00340744842678871,0.484375334025753
"454",-0.00973997923794957,0.00325790143612626,0.489419241375864
"455",0.00137506234951729,0.0033755472487974,0.484375043729295
"456",-0.0269864742797646,0.00306137944099776,0.500119445937345
"458",-0.0109612397322852,0.00301507478905491,0.492274788042495
"459",-0.00173973046059403,0.00330608659316033,0.4843853093268
"460",-0.0102127152494241,0.00303244873611967,0.484968291302436
"461",-0.00774641346522152,0.00328181860446011,0.484926351044485
"463",-0.0122606390284841,0.00305329825388661,0.500000000014928
"464",-0.0082225660488957,0.00327132272213127,0.485619340106276
"465",-0.00796117072181551,0.00323128598259103,0.487542290967761
"466",-0.0071019868118334,0.00341029526362783,0.484665538122412
"469",0.00295043248387917,0.00303492172339368,0.484375008757279
"470",-0.00833745239861372,0.00331438358115971,0.485166907069412
"471",-0.0164689156845414,0.00333769462577538,0.492721796158106
"472",-0.0157208452632201,0.00344350077585683,0.491571045029368
"473",-0.00692959521292828,0.00318631775612791,0.484648428499516
"474",-0.00524394169222639,0.00321628330752807,0.484383314199154
"475",-0.000781434709013193,0.00350352667919097,0.484375932138063
"476",-0.00634561972598105,0.00321378046149426,0.484388300604957
"479",0.0111217597774437,0.00320839560729958,0.484375
"480",-0.00874633847246309,0.00323836323710055,0.485006032738102
"481",0.0076215696320612,0.00348089818879408,0.48437500001979
"482",-0.0075795360331687,0.00341881275833215,0.485390828392431
"483",-0.0355638810918431,0.0034411449487496,0.500000093239785
"487",-0.00720849478447716,0.00335192589746193,0.484665514586963
"488",-0.0124328234364915,0.00305191091091865,0.493042803433209
"489",-0.00483545694035607,0.00327831045745076,0.484377144342063
"490",-0.00431412495896643,0.00322356907996556,0.48442598128018
"491",3.42847980210406e-05,0.00329895677672194,0.484375180493814
"492",-0.0117220825458757,0.00322873351735317,0.489645388489959
"493",-0.0159941167754401,0.00327175458251805,0.500000011057292
"494",-0.0157244473742988,0.00319669024093389,0.492750197435249
"495",-0.020033978510696,0.0031531874666405,0.500131177254014
"496",-0.0072358371336955,0.00308663241115373,0.484376052965811
"497",2.48926276367307e-05,0.003133542745613,0.484375421443872
"498",-0.000286916421894484,0.00340524335459936,0.484377323836506
"499",-0.0115086948383358,0.00307857721526629,0.492907595082177
"500",0.00190755013558494,0.00322346316636461,0.484375001140903
"501",-0.0134909898026747,0.00345033911478466,0.494313384246348
"502",0.011331575118301,0.00334943463304976,0.474594149657666
"503",-0.0093575270075122,0.00307225301906251,0.492288561596352
"504",0.011651975978125,0.00354185230157129,0.484375000000061
"506",-0.0126532664004469,0.00308250111705004,0.485449855255739
"507",-0.00268825541213447,0.00328680377518319,0.484445610608464
"508",-0.0106784843095788,0.00310290351161873,0.492188530709151
"509",-0.0169238123141992,0.00317867920447316,0.500000001030838
"512",-0.00633836662376288,0.00321657414259656,0.484384626170541
"514",0.00056231515799907,0.0033369373251523,0.484375018658446
"515",-0.0169604895009754,0.00334235021389684,0.500002122359103
"516",-0.00322808208077709,0.00320727906846765,0.48437822739062
"517",0.00185171234190986,0.00333987216411572,0.484375008283548
"518",-0.00656464798926373,0.00321829906821727,0.484397947511874
"519",0.0165144696977063,0.00350153710259344,0.47000586357109
"520",-0.00725109276493991,0.00314482755487799,0.486585381101191
"522",-0.00777557222745475,0.00315330695924752,0.485764805207909
"523",-0.0116890367785338,0.00307543559935832,0.48645613715045
"524",-0.0114520490023094,0.00310780054653252,0.489446560858135
"525",-0.00815809044725056,0.00319806784772655,0.491713002485343
"527",-0.00887655953232648,0.00309701872913381,0.485064952675612
"529",-0.00943201459230425,0.00313357433072188,0.485723024224208
"530",-0.0111393194633012,0.00303892207792037,0.487851155585277
"531",0.0021914947228905,0.0033395474866439,0.484375044137639
"532",-0.01618109255765,0.00330943694594049,0.49380285443784
"533",-0.0113915923304295,0.00303508368947486,0.492282471652624
"534",-0.0163704595940138,0.0031823192611797,0.500016695208411
"535",-0.00659115840792551,0.00317827554306682,0.484913707204046
"536",-0.0173715925870547,0.0031122383201647,0.500000005146696
"540",-0.000915374503518715,0.00340845435010471,0.48481728551621
"542",0.000385340628625785,0.00341737961052254,0.484397882761278
"544",-0.00441176047933725,0.00325420574666455,0.484700474813585
"545",-0.0172587130564251,0.00307356524701591,0.498188710127918
"546",0.00370172129821746,0.00342704066064778,0.484375002059878
"547",-0.0155176455455592,0.00284604321524229,0.497724083269507
"551",-0.0125279105391757,0.00323862782423401,0.50000000424774
"552",-0.0101268882495811,0.0032109997510331,0.487375833738542
"553",-0.0067290472902032,0.00325148055468222,0.484381331055811
"554",0.0106257587669412,0.00362217736509373,0.484375000049802
"557",-0.0100657844836638,0.00300622148159623,0.494202965180211
"559",-0.00502866535315162,0.00327548728994146,0.485465682026016
"560",-0.00377734345819327,0.00324969169207004,0.484377493865202
"561",-0.00817556488362606,0.00342254782961962,0.485679697695742
"562",-0.017602771669346,0.00321966091269901,0.498657946525547
"564",-0.00681554095454191,0.00321626086823621,0.484378775372092
"566",-0.00628864972178357,0.00320800731065451,0.484383424365067
"567",-0.0167254850721728,0.00305283587952822,0.492401180311436
"568",-0.0173754347910361,0.0031398348340108,0.495052351620376
"569",-0.0184832689754054,0.0031805220442182,0.500059751856505
"570",-0.0220688472678101,0.00330994141209108,0.500060285778403
"571",0.00478369563787988,0.00320175152283742,0.484375000053577
"572",-0.0105883553417784,0.00309526270664629,0.491816408672104
"573",0.000712357930239384,0.00320555100741291,0.48437531032532
"574",-0.0102226769498837,0.00308783712396463,0.490117773271812
"575",-0.00613521012887446,0.00319381887398607,0.48437524704519
"577",-0.00486479251185447,0.00318656837516212,0.484375146005383
"578",-0.0137869732656677,0.00308685758810667,0.492354558072527
"581",-0.00645844463088537,0.0032374187919556,0.484379957948263
"582",-0.0111552380376521,0.00316611123498277,0.492572822984758
"585",-0.00691493115539303,0.00318847945403473,0.489256830578045
"588",-0.0175010493861525,0.00310192160125971,0.499957407212703
"590",-0.0193210352399936,0.00320798432658504,0.50000326085462
"591",-0.00971343503390674,0.00301599585921893,0.484974049022967
"592",0.0129962128632286,0.00375151235699135,0.476184466250866
"594",0.00202981222685263,0.00325007435650034,0.484378254232091
"595",-0.00412103950963159,0.00321883045743175,0.484731592904958
"597",-0.0180044065991878,0.00318899991906998,0.500000075007325
"598",-0.00901690855261333,0.00310842321433677,0.484979240564819
"600",-0.0105893979872287,0.00308122448968718,0.486257751982187
"601",-0.0053829467009552,0.00333742398866344,0.484426776475527
"602",-0.0114512692818965,0.00312034886878159,0.485344049272773
"603",-0.0250255812906955,0.00319186647251258,0.500231105549631
"604",-0.000969050181996358,0.00324873479023473,0.484375672414425
"605",-0.0142958943599993,0.00309250240935567,0.492299912721265
"606",-0.00688039171532514,0.00324520368061469,0.484728673608763
"607",-0.0099482566805397,0.00313563511015416,0.487384782685128
"608",-0.00750386279094281,0.0031075092558974,0.48818380260311
"609",-0.010801455437401,0.00315560506363157,0.486343143750536
"610",0.0119171047545234,0.00302042531933555,0.483319698487778
"611",-0.0104245750741763,0.00310050895353355,0.492506306184411
"612",-0.0107010753864354,0.00305036782221139,0.4922575274707
"613",0.00269398566810009,0.00333079152088767,0.484375004183613
"614",-0.00855140157513421,0.00374513715941541,0.486468983487543
"615",-0.00482016490350645,0.00327328032337224,0.484455256210769
"617",0.000103884962565799,0.00331351377130909,0.484377985657487
"620",-0.0085867009614403,0.00310609133151733,0.49020172561906
"621",-0.00894685569365809,0.00314910165487431,0.495094308770222
"622",0.0076949206657032,0.00327940654674613,0.484375072905542
"625",-0.00699815592854029,0.00314169284343501,0.484543450372899
"626",-0.0130456177184534,0.00305992910659466,0.492053287041583
"628",-0.0109317550491824,0.00306046522591545,0.487074655675436
"630",-0.00949002544105913,0.0030622785247359,0.48465006386944
"632",-0.0138976308474277,0.00317347405904379,0.493760555074384
"643",-0.00541959679058046,0.00318811749959702,0.485827901285793
"644",-0.011675715268971,0.00303623096132478,0.492647398600858
"646",-0.00847063732362108,0.00316848575373478,0.484663623537905
"648",0.0123031864559606,0.00329200394080571,0.484375
"649",-0.00768889434208816,0.00314831198785378,0.484605519888941
"651",-0.00443636626410091,0.00320239339434561,0.484376840030568
"652",-0.00174277795410998,0.00331703860397554,0.484378408934241
"654",-0.00536170305019912,0.00324354870926753,0.484682541492289
"656",-0.0144906720477634,0.00311863851316023,0.494542750077334
"658",-0.00295166374493607,0.00317341240070209,0.484511595197385
"661",-0.00653510254797021,0.00320150235556328,0.485230075496982
"662",-0.0119332304737699,0.00310144088941701,0.496328508318971
"663",-0.00638981034569575,0.00306154605505913,0.484472413488777
"664",-0.0123043573398412,0.00305005032052005,0.494231248789432
"667",-0.009443413746431,0.00305788586729668,0.485815705666824
"669",-0.000860192313510461,0.00322858288669908,0.484376259897402
"670",-0.000375129270048333,0.00339228255798389,0.484375097811253
"671",-0.0123263949573445,0.00306823849234647,0.488972332664312
"672",-0.0226294700123468,0.0032216149679261,0.500280142067336
"674",0.00668612557177065,0.0031600927453905,0.484375000000094
"675",-0.0123416191350556,0.0031281715005143,0.488101817192039
"676",-0.0053326218601473,0.0032006683671552,0.484434746060331
"677",-0.0052427280995044,0.00321564998245946,0.484446086348423
"679",-0.00553717263417516,0.00316603750357074,0.484615070614895
"681",-0.0050025670516811,0.00317472500002718,0.485008874018909
"686",-0.00725750784145763,0.00314000766953253,0.484623187402069
"688",-0.00979245273428337,0.00304416067489777,0.484693658495859
"689",0.00132387767066005,0.00319567969305661,0.484377188352676
"690",-0.00353984242378132,0.00317927257058599,0.4843993248621
"692",-0.00642521736957561,0.00313033882165198,0.484917258993086
"693",-0.0104054844063553,0.00307360413973267,0.490098415305512
"697",-0.00172456566581561,0.00320765633980545,0.484375046154709
"698",-0.0104666413392086,0.00308189089822776,0.492209723504125
"699",-0.0151014583077725,0.00309224260801751,0.499454317454781
"701",-0.00466558945321939,0.00323515530982599,0.484524088527505
"706",0.00469148923237381,0.00336024875657483,0.48437500000797
"708",-0.00509481941778521,0.00304207344357573,0.484432161794253
"711",-0.013764894844262,0.00308892156201552,0.50000001168562
"713",-0.00131557147618901,0.00327442322269027,0.484375934213571
"714",-0.00996566103494513,0.0030443693409634,0.489874663905247
"718",-0.00713827998987614,0.00314810479331997,0.484419610873347
"719",0.000176955474485298,0.00329279999253433,0.48525090490447
"720",-0.00955794620289126,0.00312002078648067,0.487905128820599
"721",-0.0106067758914652,0.0031378157152299,0.485693305296257
"722",-0.00806590227247962,0.00315210635704957,0.484680577989667
"723",-0.00792740424510054,0.00307924260642532,0.49271269426851
"724",-0.00840252580819324,0.00309910776493248,0.484734745901273
"725",-0.0050894678781004,0.00321517846989984,0.484378976959949
"729",-0.00836362513905384,0.00325548248568712,0.488617940482621
"730",-0.019772368998165,0.00313341040714264,0.500184545583981
"735",-0.00539591680122753,0.00318750176476189,0.484672712668341
"737",-0.00983353560728413,0.00257502256499303,0.485645110904608
"740",-0.0101911909776456,0.00306627228798741,0.492109107660012
"742",-0.00831336405202167,0.00310134664885114,0.485359422582144
"743",-0.00896317548289863,0.00312047207531567,0.486623430574123
"748",-0.0111589987383612,0.00302550089235315,0.488442183086878
"749",-0.00717298281847967,0.00313457385734202,0.48584898104272
"750",-0.00633470425652843,0.00316592504590075,0.484715161264294
"751",-0.00806950673762888,0.0031153463099302,0.489190054645484
"752",-0.00846963324432156,0.00311343849017941,0.485730593477727
"753",-0.00952082980929411,0.00310261381171901,0.487657981386165
"756",-0.00469070443251453,0.00316171042797184,0.484376759795172
"757",-0.00700126559996328,0.00313465476355902,0.48458821166323
"760",-0.00863040823554273,0.00307570867731313,0.485822694407741
"763",-0.0097994846810157,0.0031271862861504,0.489570917802787
"765",-0.0154696915617217,0.00308794867777743,0.495123025145554
"766",-0.00707657064044583,0.00318248418300005,0.484428575684914
"767",-0.000742896442917977,0.00335035713872763,0.484375022351207
"768",-0.00756834892416768,0.00320656898977004,0.484377426408243
"769",-0.00228115851797758,0.00316768737484757,0.484379864407545
"770",-0.0109765947521547,0.00304158993706234,0.484581128476803
"772",-0.00385233124425424,0.00345313281128932,0.485311220037257
"774",-0.00189769773463475,0.00321729318210026,0.484377717571444
"775",0.00142096039441978,0.00294221664942031,0.484375000033703
"776",-0.0101554453915204,0.00307887062256443,0.486193214497728
"777",-0.00140165026303769,0.00330336685307292,0.484382710366353
"778",-0.00157922043299587,0.00332505103544891,0.484382378228566
"780",-0.0110741799565693,0.00302013589362499,0.492664985508287
"781",-0.00751030371366725,0.00221405614254244,0.484390540416146
"782",-0.0121585007968272,0.00307190106728493,0.49778829507003
"783",-0.0141168185188538,0.00230726789220279,0.496126906962593
"784",-0.00880397734494645,0.00310211141242435,0.484377793960355
"789",-0.0102304345881521,0.00302196482101192,0.484544975314249
"790",-0.0105429606016414,0.00314099390330899,0.49219008679205
"792",-0.0109888469928737,0.0030618743350375,0.484572595084647
"793",-0.00848889033451997,0.00311572492279472,0.48448310659833
"797",-0.0104343580589687,0.00307023178766163,0.486206483624363
"803",-0.00784948894479025,0.0030626427204029,0.487292620127555
"804",-0.00972762061769455,0.00306682461391093,0.487758063588055
"805",-0.00183909095246907,0.00312102954446414,0.484376608641786
"806",-0.00993394603577837,0.00310254339463823,0.48593041329035
"807",-0.00965111088962752,0.00310569908290677,0.485574954597842
"809",-0.00818382325388299,0.00313354839761224,0.48445893678622
"811",-0.00358957638755272,0.00323618146678283,0.484375135638881
"812",-0.00369586435764243,0.00332106505805598,0.487097550951169
"813",-0.0095425262398014,0.00315285245571772,0.488818114911302
"814",0.0017742922149313,0.00329108212576944,0.484375012778612
"818",-0.00401411711073358,0.00320611945760045,0.484415472398783
"819",-0.00663400021281815,0.00317664754238852,0.484676638494317
"824",-0.0106984818760355,0.00301766797203455,0.492282786343053
"825",-0.0106358630089961,0.00302712310265395,0.488524246031117
"828",-0.0101640601062613,0.00304471554897146,0.492324863540001
"831",-0.013289101560269,0.00308227855878855,0.488352422857401
"834",-0.0112049216151556,0.00303049537248827,0.486191161674465
"836",-0.00957973339410348,0.00312124791176896,0.490221041255158
"838",-0.0117957935643772,0.00312343930600051,0.486249896698107
"842",-0.00778084860948172,0.00306511345962947,0.485047841200021
"843",-0.0184471027230678,0.0034205399763582,0.500000006946905
"847",-0.00965245483141134,0.0031067655188133,0.492311917304869
"848",-0.0381051296538529,0.00252222227655364,0.49370518907304
"849",-0.0105723965603562,0.0030403693201128,0.490861901479092
"854",-0.0103907456869328,0.00302379662449465,0.493806683579427
"857",-0.00576399998990156,0.00309790108768569,0.484584857024124
"864",-0.00921064758722281,0.00307159063750328,0.492325035413868
"866",-0.000117254811090061,0.00320243729159702,0.484375003063781
"870",-0.0103691071656911,0.00302430914054395,0.486257998589496
"871",0.000494775528475206,0.00328164760881486,0.48437544143543
"874",-0.00712768485821063,0.00313268186106392,0.488613575549789
"875",-0.00599896087910983,0.00317138106032267,0.48438898224151
"880",-0.0111863962121929,0.0029974342524856,0.484608275486061
"881",-0.0104540240561449,0.00302143063569227,0.485009003893229
"886",-0.0134566628371628,0.00307436193384259,0.494542745091812
"887",-0.0112982831904183,0.00307720860893806,0.488652468639169
"891",0.00182864344754687,0.00306721483120864,0.484375000023728
"894",-0.0216850326964425,0.00347159785674556,0.500063399268906
"895",-0.0111662222575902,0.00304167221197209,0.490435873965608
"896",-0.0112171731964446,0.00308500746819468,0.491077300436799
"898",-0.0167132100320186,0.00287572166822973,0.500000000036093
"905",-0.0236330815853786,0.00299708018681079,0.50010127017719
"908",-0.0100023118045397,0.00305115640845655,0.486164645555396
"915",-0.00868411273683626,0.00316462253712954,0.485685753552053
"921",-0.00583989237288642,0.00311986577575057,0.484385367611838
"922",0.00325866592896508,0.00336755709255115,0.484375020329751
"923",-0.00913342833054577,0.0030987772792207,0.486830594568698
"925",-0.0103757485115263,0.00300677198278091,0.489976705751358
"927",-0.0106548308363288,0.00304970702360455,0.489393743582105
"931",-0.00789736695388679,0.00312240753071194,0.485089928494677
"932",-0.00961915733833707,0.00304127781584253,0.485133917674037
"934",-0.0093166311964637,0.00314071699766709,0.489157235307365
"938",-0.00857714863204816,0.00313612527005116,0.485037240787722
"942",-0.00569721118966058,0.00282756082679222,0.484452304747173
"943",-0.00946701886027452,0.00309772199585731,0.484895170540658
"945",-0.00900252672524855,0.00311645907404079,0.491778239414913
"949",-0.0015254922286776,0.00373595737715613,0.484465792877519
"955",-0.00586132281294811,0.00313113294803667,0.484462143913983
"956",-0.0138306730536029,0.00306696848788451,0.49502272568579
"957",0.0224205903968929,0.00330906598420336,0.46509659240944
"958",-0.00773480686985619,0.00316895382266634,0.487361200434747
"960",0.010864931907744,0.00333275489348185,0.476939854969629
"962",-0.00921434611242531,0.00307617943265148,0.486207657653208
"965",-0.0077834032069285,0.00308667717885815,0.485365276670603
"967",-0.00580818546812624,0.00317638685517388,0.484602498083335
"968",-0.0110821799634377,0.00301182661668206,0.48864052100571
"969",-0.0070130217034796,0.00305953762859596,0.485285451824113
"972",-0.0110257573415208,0.00305187074457898,0.492343941251452
"973",-0.0231472730705556,0.00311492180879206,0.500029997631564
"974",-0.00813137606781928,0.00310112682170387,0.497399239867773
"977",-0.0101103433526898,0.00304638208669121,0.487419512442267
"978",-0.0102769363908898,0.00309678318391148,0.485735126741536
"979",-0.00760042851381175,0.0030617288684568,0.484437710268485
"981",-0.00298252277008948,0.00322560580725807,0.484377395120594
"983",-0.0195523874251804,0.0038439950014432,0.500035284852171
"984",-0.0107801304386928,0.00300628212286632,0.487558877956224
"990",-0.00668946949141455,0.00308663715745695,0.488338770316858
"993",-0.0037145792535799,0.003734452285271,0.484391583229631
"995",-0.00910025615960231,0.00309446023334587,0.4844085288136
"996",-0.00907847847820639,0.00308090920068654,0.493898823379915
"1001",-0.00928567466953487,0.00311245320925657,0.484992194142321
"1002",-0.0095172153399947,0.00307128744785056,0.485214673504883
"1003",-0.00805186958415209,0.00316835475202199,0.484570878071974
"1005",-0.0111447818590234,0.0036693953477564,0.487785146641009
"1007",-0.00597844658826013,0.00315368191382959,0.487944916172333
"1009",-0.0096981761330229,0.00309385422377965,0.492233826854936
"1010",-0.00789724433877531,0.00316626290395193,0.486434651404236
"1012",-0.00835678765787389,0.00309956747314713,0.485680949921434
"1016",-0.00966989506686286,0.00312793889930594,0.491666293205726
"1021",-0.00770946856054626,0.00310914249691292,0.486122690259418
"1022",-0.0109083920577495,0.00303864758524096,0.492038814521553
"1023",-0.00851964708601946,0.00307608020092235,0.484396765455476
"1027",-0.00898017138661622,0.00311088168313199,0.484686727314774
"1028",-0.021296147798071,0.00318445170126796,0.500393683438787
"1029",-0.00896982426509577,0.00310482674370872,0.490501137836958
"1032",-0.00977646684853945,0.00303686889899492,0.48682262885786
"1039",-0.00982926428150796,0.00306184168810278,0.494635785994193
"1043",-0.00714797152596668,0.00309187022323177,0.485090362086909
"1045",-0.0419770734503744,0.00270419550524856,0.484935191561513
"1050",-0.0105068279452122,0.00301172811886664,0.488649802532165
"1054",-0.00918467449642691,0.00304044481172922,0.484985748462856
"1055",-0.00965374530763387,0.00317021368130736,0.484940864812586
"1063",-0.0105722528737724,0.00303343756214412,0.491814511772877
"1065",-0.00704579437062065,0.00311512660523284,0.484410855348934
"1067",-0.0116370004114222,0.0030780943533357,0.492188103346517
"1071",-0.00884428965779957,0.00311564477502767,0.492207450109185
"1076",-0.00708768617995326,0.00310793639664769,0.48659988973855
"1078",0.0123449042941981,0.00353446514302257,0.481924026721433
"1079",-0.00866295077827333,0.00314442003366406,0.484421938309609
"1082",-0.00973808156100847,0.00302121388371042,0.485841631248687
"1084",-0.0114742119292619,0.0030348284956389,0.485783633762265
"1087",-0.0114053602731214,0.00300783595926419,0.485465885670451
"1089",-0.00881316994808925,0.00303770231277001,0.487312089555895
"1096",-0.0113735036330052,0.00303839601711808,0.493180211498793
"1098",-0.00331678878281681,0.00383864054910455,0.484445306317421
"1101",-0.0146993576987462,0.00313098485540088,0.498721164000199
"1103",-0.00599331518967984,0.00311484839724963,0.485301715449019
"1106",-0.00874356562239918,0.00309291240971512,0.485496828856734
"1107",-0.019608072417387,0.00317720343308905,0.500000250500046
"1108",-0.00950142214723636,0.00305985469182015,0.484728417815961
"1114",-0.00960340719629709,0.00304976699386915,0.486155576485375
"1118",-0.0102642484575131,0.00304063822189578,0.493184483984298
"1119",-0.0245656690873076,0.00294921257805291,0.500039607037248
"1122",0.0133196729482769,0.00371031956268337,0.473186621886432
"1125",-0.0104668669432546,0.00311846905637609,0.488389147393053
"1128",-0.0232316614322321,0.00266605876781303,0.500003496907959
"1132",-0.0091039539120818,0.00308660431247473,0.485591765715687
"1133",-0.0104948833209473,0.00327981330152879,0.489677744706314
"1134",0.00417867517550123,0.00370832161345026,0.484375040220134
"1135",-0.0096656527175904,0.00310858535169382,0.485606599867484
"1137",-0.00955609338435163,0.00306143919127903,0.486336070226309
"1140",-0.00892999179946505,0.00308275770612389,0.493769191122966
"1141",-0.0223211478754114,0.00279952450893825,0.500003141188875
"1144",-0.00934722520717165,0.00306131045792298,0.492189112570817
"1147",-0.0098418014695813,0.00306198349252696,0.492191840053962
"1148",-0.0157367708620829,0.00330972218861173,0.50000001595504
"1154",-0.00931950302578333,0.00305982418535896,0.498421863263813
"1164",-0.00903273515887433,0.00310565988889472,0.487611711381034
"1165",-0.0106113950167781,0.00307636448573081,0.48897358842026
"1166",0.0014898040108424,0.00324147920893079,0.484375097774288
"1167",0.00672311283700961,0.00243408593652813,0.484375
"1169",-0.00911690735173183,0.00310104337309766,0.485583313487817
"1175",-0.0101014163377944,0.00306552784826716,0.487805275210065
"1181",-0.00968072920911967,0.00308671802002097,0.490954842939323
"1182",-0.0094118450450696,0.0030440760237088,0.486088104516385
"1183",-0.00943605512031621,0.00307694644559937,0.487348368343736
"1185",-0.0107190279244373,0.00308647027903825,0.492207901607761
"1190",-0.00884552060068552,0.00307322516199867,0.49358812930649
"1198",-0.0109494399720955,0.00302819781447159,0.487253319474627
"1199",-0.0101309035251128,0.00308741502739956,0.489062398802379
"1203",-0.00637295247492323,0.00334053067038929,0.48488503719728
"1209",-0.0058458032276379,0.00346256959303498,0.484399347510338
"1212",-0.00949092840477165,0.00303390125315072,0.48575127954567
"1213",-0.00929077016263249,0.00309860962688528,0.487956566061877
"1214",-0.0103232722905085,0.00304372308772239,0.48552350893214
"1215",-0.0114710354761276,0.00305193585721479,0.486533835741286
"1219",0.00360237814723093,0.00345985995126666,0.484375023963083
"1223",-0.0101540119440212,0.00304423403924871,0.487483207688722
"1233",-0.0151541307778057,0.00398381761469495,0.500000029723198
"1234",-0.0107659644947595,0.00303374648881041,0.491771484487883
"1235",-0.0107234837788147,0.00298872005459017,0.489715220791283
"1236",-0.00874613347375501,0.00312237288672481,0.485164089849813
"1241",-0.0101855972837719,0.00306790139841399,0.490161100664048
"1246",-0.00984207417959252,0.00306067026064716,0.485522738274175
"1250",-0.0103309860026833,0.00308418721382161,0.485219773845697
"1251",-0.0067314397252694,0.00326332271909459,0.484377554934081
"1252",-0.0091812209399169,0.00307031258485259,0.489155456793102
"1256",-0.0188145133275136,0.00322708159239035,0.500014699263672
"1262",-0.0202294480901902,0.00316244927973199,0.5000026995241
"1264",-0.0107429985782117,0.0030301196104239,0.485033052834857
"1267",-0.0114542474081045,0.00232684673847692,0.48727873750313
"1271",-0.00892435234825244,0.00307253710807544,0.486527370746735
"1272",-0.0202522581352715,0.00365194033320269,0.500017363463215
"1276",-0.00956509842073309,0.00302511746661159,0.485515536747443
"1278",-0.0100670604992745,0.0030378480909504,0.489459990117098
"1281",-0.00943852980941498,0.0030757632529703,0.486203757638241
"1283",-0.0100817393318072,0.00304881960002192,0.488322372707556
"1287",-0.00810739804036185,0.00309176845555527,0.484839493535712
"1288",0.00105172961231562,0.00342068050865747,0.484376547877041
"1289",-0.0225901643217265,0.00298106746547543,0.500146509821457
"1293",-0.00735465856659799,0.00318515053826805,0.484945553197704
"1295",-0.00501485521044838,0.00326100204504639,0.484540309697748
"1296",-0.0093841025281025,0.00309028606372591,0.489497019808473
"1298",-0.0100107633042369,0.00307273261083257,0.487421443198347
"1301",-0.0184702146607353,0.00326992304198288,0.496801578120487
"1312",-0.0193176881385303,0.00344442639311396,0.500003928998668
"1313",0.00540560939798868,0.00290216787314197,0.484375000000085
"1320",-0.0161595873563598,0.00252926920654882,0.492565140031708
"1323",-0.00928453561439555,0.00306403849728704,0.491158426085069
"1327",0.0131461368061031,0.00322184176582631,0.483217626031974
"1348",-0.0102755780542215,0.00322373318955416,0.485026919324178
"1349",-0.00195868532339764,0.00318906602000285,0.484375238375386
"1353",-0.0126776006048167,0.00306394759571555,0.493930760226592
"1355",-0.0107024517952044,0.003048874019244,0.484616340318463
"1376",-0.0134181192251139,0.00324924755119495,0.500000000271595
"1385",-0.0309555069666488,0.00285538475046447,0.500000741757095
"1389",-0.00842405932437033,0.00312794930242313,0.48587675308565
"1391",-0.0100325455523399,0.00305855522677005,0.485528235602214
"1406",-0.0135715493343579,0.00315785449155287,0.493601635751577
"1427",-0.0310823902256728,0.00307230404073381,0.500003300564667
"1432",-0.00865579751921925,0.00248039997838739,0.484738695884554
"1448",-0.0102146709655182,0.00326751014708778,0.489143768762028
"1452",-0.0116297763047847,0.00237958789024195,0.487691055502272
"1459",-0.0119611329014185,0.00303564823995434,0.493072135828184
"1466",-0.0263864845724538,0.00328923893593048,0.501144212591604
"1472",-0.0209004805600852,0.00311480381871885,0.500008691616298
"1489",-0.0206832886549255,0.00251482317393725,0.500000004447066
"1499",0.0114582808071018,0.00322066237278915,0.484375000000004
"1514",-0.00451736421130683,0.00334277628652105,0.484394621295886
"1521",0.00274975508569235,0.00322870250734259,0.484375006324527
"1535",-0.0333428727834374,0.00333494965132587,0.500000212593026
"1552",-0.0211166714514873,0.00330871935492013,0.500008219736593
"1569",-0.0109163809584512,0.00383771735757849,0.48729769290425
"1573",-0.0131975559726988,0.00309537475055222,0.49838037972825
"1586",-0.00957885520365195,0.00309098482619753,0.486200616883726
"1593",-0.00563160892268912,0.00312919590495036,0.492190999847992
"1596",-0.00927773661963185,0.003053241289386,0.48889123119827
"1598",-0.00920415299989204,0.00292583046209812,0.484929059633495
"1608",-0.0294063485054115,0.00257545521941803,0.500001726487895
"1611",0.0169262796428834,0.0027691629697097,0.468850261531137
"1614",-0.00722738578661145,0.0031329581437433,0.484683564859763
"1616",-0.00576305466744893,0.00320239841552392,0.485007575851839
"1618",-0.0119502289634905,0.00305188862884274,0.49046341310754
"1623",-0.0288261815388462,0.00277889134120387,0.500017955754656
"1634",-0.066190972329948,0.00311718464758838,0.433365612199318
"1651",0.00608850083910779,0.00310806889970097,0.484375000001955
"1654",-0.00733494251135649,0.00322115477373511,0.48470336305385
"1662",-0.0396754185419528,0.00267378939664414,0.492860212371819
"1680",-0.0150607822769588,0.00361515958631598,0.495726425619916
"1682",0.0105731385894979,0.0035609488891436,0.484375000000001
"1683",-0.0156908945861438,0.0032469314853564,0.488527130973207
"1701",-0.00333098921718963,0.00319484155336629,0.484405189416659
"1718",-0.013873633918327,0.00372496120960498,0.499370439641877
"1727",-0.013652823561343,0.00352768342980052,0.493197344590841
"1750",-0.00810021111019293,0.00310397057553346,0.485154316313784
"1772",-0.0167337276676912,0.00315215953993869,0.496440065727297
"1779",-0.00727227335829364,0.00307669848942322,0.485154937546196
"1782",-0.0191053310822655,0.00202874276063666,0.500000000029758
"1787",-0.0159446111433779,0.00323241079289627,0.496987342934741
"1790",-0.0116904694346228,0.00308570748118078,0.488362701033181
"1815",-0.0203891458893147,0.00294592407258069,0.500001420708853
"1818",0.00226281170153031,0.00293830537129663,0.484375004471685
"1820",-0.00319133272818923,0.0031390208379871,0.488782249875516
"1822",-0.00759582224305504,0.00318501417670847,0.484557377564128
"1829",-0.0102856815664866,0.00305882868612887,0.484966656883509
"1849",0.00609572756141606,0.00354363123081762,0.484375000004864
"1858",0.00167556766559764,0.00342622466782625,0.484382165577737
"1859",0.00134714811165574,0.00378061780692402,0.484375709196604
"1860",-0.00651937356516816,0.00313398097092686,0.484627451999764
"1865",-0.000507047436781831,0.00286996542049921,0.484375025896179
"1869",-0.0137722810677984,0.00306099367324876,0.500000036901767
"1870",-0.0117042315250838,0.003066108501844,0.486362546310933
"1877",-0.0117322457949063,0.00304734200165829,0.485653888623936
"1880",-0.0156432834623364,0.00231917555986013,0.494777611261312
"1881",0.00511230255631559,0.00267066274792041,0.484375000000039
"1886",-0.0123321713534533,0.00306330317504769,0.490571581710369
"1897",-0.0683412886285089,0.00371568319775617,0.431253036448933
"1901",-0.0100953790390454,0.00312505903692357,0.492575080718346
"1903",-0.0262649961970765,0.00312184706015532,0.500478903343489
"1911",-0.0248801614270053,0.00285401731737636,0.500106253096976
"1924",-0.0217520415349412,0.00261655722142059,0.500004136914718
"1940",0.00543616732603105,0.0035969347642769,0.484375042147109
"1947",-0.0112489967808804,0.00305163045825088,0.485057588629707
"1952",-0.025465520574737,0.00354943692555173,0.500711780889402
"1953",-0.00837727067504094,0.00311210597119275,0.485453567482653
"1968",0.00665318313887374,0.00353921408070264,0.484375001386132
"1974",-0.00633438048648181,0.00315205811827707,0.484722604637296
"1976",-0.0232846539059992,0.0032007620917966,0.501283946796189
"1987",-0.0166591920817769,0.00329597834152594,0.492918304727822
"2003",-0.00961508051820361,0.00305745882192396,0.484558521243014
"2005",-0.00260283581959587,0.00314811208284894,0.484379079396901
"2008",-0.0111643814136777,0.00315606922734441,0.487335442081147
"2021",-0.0103091396353319,0.00300356290107686,0.485090020954173
"2022",-0.0156121109730705,0.00348466230132997,0.493420303758823
"2026",-0.00861473300902243,0.00337844825101802,0.484927374827267
"2029",-0.00922636904732375,0.0032367506248223,0.497057824801852
"2053",-0.0133959963601401,0.00260642511481866,0.492689774611858
"2054",-0.00647853810554931,0.00319405612778697,0.486026548114502
"2060",-0.012949693293714,0.00306260121043806,0.494285474465543
"2061",-0.00822790971893837,0.00305760297182135,0.4849029813583
"2073",-0.00379416745892285,0.00313519080587235,0.484389246655487
"2079",-0.0118318136813263,0.00310072502247911,0.492208590885829
"2082",0.0152750768303936,0.00352320676878433,0.469123473519551
"2098",-0.0125897004357677,0.00307548993536386,0.487140589384267
"2100",-0.00623989767758125,0.0037737637828408,0.484622283463894
"2108",-0.0147931381524575,0.00328549385074721,0.492199355205831
"2112",-0.0057225984063968,0.00363258964046887,0.484447662486965
"2113",0.0139736929062029,0.00366997635066287,0.480803713779647
"2115",-0.0027300450024902,0.00311937523347056,0.484403153142249
"2126",-0.0161048768642629,0.00306350284037708,0.494416993368024
"2127",-0.00760494366346557,0.00316724487553521,0.484663975053787
"2128",0.0174630649413832,0.00344433890959377,0.469083377389975
"2138",-0.0160429611976391,0.00294816600589682,0.493703433578742
"2146",-0.00835268306625597,0.00324374141470501,0.484872243918337
"2162",-0.0114755401158573,0.00306447285842526,0.485861301876508
"2163",0.00223716367846169,0.00303039374584047,0.484375000000136
"2168",-0.0103173630298941,0.00287980619807912,0.486575926403224
"2170",-0.0207300328441282,0.00288226961142299,0.50000058624462
"2204",-0.0100040365605866,0.00306031335333896,0.488215182177563
"2226",-0.0420998501005497,0.00328731754652288,0.486178291489709
"2235",-0.00379856656173278,0.00336229144367162,0.484768718946201
"2237",-0.00221973737311942,0.00310928988668565,0.48437929255657
"2238",-0.000612775935288283,0.00336295234141598,0.484389741779422
"2247",-0.0142977178102718,0.00305506970407122,0.492998616181664
"2255",-0.0101431405365163,0.00307319091165487,0.485085673523156
"2261",0.00836396729015016,0.00347571248474907,0.484375000027773
"2265",-0.0124114039774002,0.00330720212579057,0.48963002516966
"2287",-0.0016787185715214,0.00340642575443143,0.484390928305492
"2291",-0.010229144812057,0.00315560810667416,0.486638110575368
"2292",0.0122520224216424,0.00375208387684185,0.481219551385601
"2294",-0.000184503640553032,0.00328517350632742,0.484408656123124
"2295",-0.00953113083754196,0.0030938370655066,0.484735395176953
"2302",-0.0122499097211194,0.0032394380351875,0.487170860740143
"2307",-0.0134574095931954,0.003076701288184,0.496002886173356
"2340",-0.0270714191649204,0.00245145347618593,0.50002256265363
"2348",-0.0147639399031503,0.00307483641798398,0.493285637169374
"2357",-0.0100029931344604,0.00301432803332086,0.487243953057376
"2361",-0.0594285349494838,0.00304763991594832,0.438309374844498
"2363",-0.00728276365961797,0.00331186928403738,0.484859017906412
"2365",-0.00971529087135434,0.00317174272440044,0.48506352633616
"2372",-0.0119934945590177,0.00291320895511602,0.492274658267583
"2377",-0.0142646592503351,0.00307640638107588,0.4911059196547
"2419",-0.0157712886538374,0.00300978160675998,0.499165074980449
"2420",-0.0245172366886787,0.00381014742452617,0.500357193958381
"2427",0.00557890450041849,0.00328906386662586,0.484375000007975
"2432",-0.0134351171307169,0.00320450492706499,0.492532711230124
"2433",-0.00291087956319879,0.00326393923909752,0.484416695743809
"2438",-0.00661215974496473,0.0031044133351914,0.484443431290123
"2443",-0.0206168898769388,0.00312841951875076,0.500082462415448
"2462",-0.00969260790368682,0.00309909816264194,0.485611287689498
"2465",-0.00998862187926608,0.00305919293810517,0.492212307595262
"2481",-0.00539017718926861,0.00350772867706392,0.484406273648319
"2485",-0.0121789113720849,0.00335646952996874,0.497855877957494
"2491",-0.013848865907356,0.00303669934448156,0.486344813488611
"2492",-0.0112899508009221,0.00294101528593376,0.493567933734102
"2500",0.00113854640781594,0.00364365383881035,0.48440549507777
"2502",0.0192175647843696,0.0037325779875601,0.468788911704425
"2508",-0.0122877410313063,0.00335540886626598,0.486299546219858
"2529",-0.0102485162312006,0.00305608739808195,0.495743296579795
"2531",0.00744456080374933,0.00338990330352454,0.484375000057266
"2548",-0.0110009024630366,0.00301497957040943,0.491362543727989
"2566",-0.00772899965878477,0.00342279112111063,0.492190329333526
"2571",-0.0121492179163746,0.00306200764141547,0.492243307067384
"2573",-0.00816073968194125,0.00314616134282283,0.484612297451267
"2591",-0.00995787771876115,0.00302955525100324,0.48826314412242
"2597",0.0089996886458006,0.00328797012726251,0.484375000000002
"2603",-0.00933481215702182,0.00305865556191185,0.48461219671986
"2609",-0.0182796079051635,0.00349358164229132,0.496587694706049
"2611",-0.0698266844135269,0.0033332580884541,0.426083675409061
"2624",-0.0243274160518764,0.00293493797915949,0.500079548639817
"2627",-0.0105490486824629,0.00311116931403107,0.492187784719352
"2646",-0.0105223558950676,0.00305597117416533,0.492302693414884
"2656",-0.0192646494125191,0.00260470164957529,0.500000057868992
"2659",-0.00918970438659582,0.00309395181549258,0.489145279784312
"2664",-0.0607503901848135,0.0030558504178686,0.438531493964872
"2676",-0.0142167860287105,0.00320667817588813,0.489970164578708
"2686",-0.00931228932098388,0.00303869056649239,0.486605701815767
"2705",-0.00858241245732946,0.00306152068800484,0.484453508434337
"2716",-0.0243273650681465,0.00373432004015393,0.500151689434061
"2725",-0.0329138834289412,0.00281392841754516,0.500000008851324
"2730",-0.0103430888943134,0.0030782194566193,0.487867795380023
"2732",0.00436048029764162,0.00373100029922358,0.484375002086457
"2739",0.00367749447302251,0.00365249254442947,0.484375001518479
"2742",-0.00943505056863455,0.00305223336220268,0.49187557286469
"2750",-0.0106797477378369,0.0030633445803551,0.484899402852824
"2753",-0.0095911735566003,0.00306052984346377,0.487051744343759
"2756",-0.021561869820917,0.00309116731917941,0.500048317396139
"2767",-0.00919778476430861,0.00270579874208333,0.488559642322039
"2799",-0.0144867447573104,0.00343027029474287,0.500000004385293
"2802",-0.00889951242399156,0.00305358647584176,0.485759267760969
"2812",-0.0239088107421048,0.00400647109272434,0.500491703135932
"2819",-0.0125110508211061,0.00272269978343901,0.489550846064452
"2821",-0.0104389333452394,0.003115996403262,0.485448593978897
"2823",-0.000652219254302914,0.00340037184960927,0.484376971925503
"2826",0.0100323255259274,0.00358708419483995,0.484375000001743
"2832",-0.0192195020654983,0.00312054013207624,0.494323489004242
"2833",-0.00683327167734049,0.00336816423203342,0.484493554767248
"2836",-0.0205606379366586,0.00320723536967681,0.500074117616791
"2839",-0.0107771910906288,0.00317909750674838,0.485846151527364
"2846",-0.0143256822162801,0.00316344426187932,0.496440969298316
"2847",-0.00535569844570599,0.00318456483817948,0.484535607846969
"2848",-0.00132392724339031,0.00328763000713438,0.484377536916991
"2851",-0.0170080238218661,0.00279720695062299,0.495915270012573
"2854",0.00370391950136658,0.0036003211125465,0.484375000031491
"2859",0.00365381080734858,0.00371811098222447,0.484375429948912
"2864",-0.00643519934978799,0.00328710121467577,0.484511335967213
"2870",-0.00961400849085353,0.00319407610713149,0.484800915653512
"2895",-0.0278837262841427,0.00289154052617804,0.50032297866716
"2905",-0.00865541532429221,0.00308022684952436,0.488460332085767
"2907",-0.00091096381715388,0.00299118230501733,0.484375067953683
"2921",-0.0236335080835273,0.00289294865106181,0.500098527660791
"2923",-0.00284105914996795,0.00410734475614983,0.484507983340918
"2925",-0.0245043600156042,0.0029600403279787,0.50037752864487
"2931",-0.0176226149171485,0.00314328776550451,0.500000012741881
"2932",-0.00807445767912224,0.00310468372238276,0.4849028859772
"2933",-0.0104147638742872,0.00304151083308624,0.496440969264721
"2934",-0.00735746163766013,0.003237956521962,0.485448023637693
"2942",-0.0590652122650721,0.0038253112007057,0.453291291195769
"2944",-0.00534629639621871,0.00319000020964885,0.484378301563378
"2952",-0.00996761027003111,0.00316764476478258,0.485563564410925
"2967",-0.054642589898399,0.00298662399083251,0.453211155411874
"2968",-0.0195313591018814,0.00329583000553971,0.500025321834039
"2971",-0.00884359113812746,0.00355889996179099,0.484737787320648
"2977",-0.0314864593978395,0.00294600837076,0.500006476724082
"2983",-0.0040597781099407,0.00347634092808511,0.484379139923117
"2996",-0.0092761856642723,0.00309761621596323,0.485714056399065
"3000",-0.0110394656962615,0.00302410005182914,0.48913070457888
"3009",-0.000450065933617561,0.0034344219979563,0.484376753764822
"3010",0.000845650131906452,0.00320615680595008,0.484384488520224
"3019",-0.00503707421911803,0.00348949836615671,0.484668472660988
"3021",0.00661931520458568,0.003278290075334,0.48437500002793
"3024",0.00326777571972627,0.00327416876340061,0.484375000046666
"3026",-0.00634821257481723,0.00319637240938672,0.48551713002342
"3030",-0.0411651095347102,0.00278724396843751,0.485061575045187
"3031",-0.00757309640315816,0.00309105453639551,0.484596474194313
"3037",-0.00872705526430365,0.00295218158826153,0.486608419151117
"3044",-0.010761983829734,0.0030783222789952,0.490652425837772
"3054",-0.0155524160604574,0.00213589593116732,0.496022545600258
"3056",-0.00429548788160889,0.00327782155539329,0.484418760792352
"3058",-0.00309443992917502,0.0030995679701599,0.484412989488225
"3062",-0.0169058533119222,0.00307856097678147,0.496548203099575
"3068",-0.0184793971410723,0.00187333176802569,0.500000000000006
"3075",-0.0105526623498845,0.00303537748699107,0.491330887869681
"3077",-0.0116846698229057,0.00307981165042105,0.490316754260574
"3079",-0.00245078503376555,0.00361478208398072,0.485035344063086
"3084",-0.0137848285631412,0.00311436233888554,0.496412585441502
"3086",-0.0177400758501824,0.00334883439870587,0.500001069253343
"3088",-0.00931901173887551,0.00277277010283585,0.489811349693705
"3091",0.011033553129514,0.0034926078995206,0.480219869257274
"3106",-0.0252469744151937,0.00414633547959385,0.501747306937839
"3124",-0.0209314649252747,0.00314617896840553,0.500004230991223
"3125",-0.00429405947634588,0.00327490259378201,0.484446927626669
"3126",-0.023278425310565,0.00301400486114518,0.500165232891431
"3131",-0.013289859735094,0.00323353286085406,0.500000000004514
"3134",-0.0204428048709317,0.00327212393105466,0.500022680012652
"3147",-0.00363099202326717,0.00322593849888372,0.484394890043926
"3153",-0.0239718950461066,0.00314072866918554,0.500071945342711
"3183",-0.0159273568400717,0.00286312453982662,0.495272298372897
"3186",0.00862074308756615,0.00367908556631813,0.484375001056849
"3188",-0.00660744471677263,0.00286092658410182,0.484612528976104
"3211",-0.0054042444019594,0.00325802439930174,0.484807206083567
"3212",-0.00872055640010904,0.0029021846576376,0.486274912827867
"3226",-0.0197307839382173,0.00310097283721434,0.500013055815327
"3232",-0.00767734961385332,0.00308190636337541,0.484649954203899
"3245",-0.0607104073804087,0.00293482640707757,0.438563300393718
"3251",-0.0202685658564476,0.00367432213878841,0.500007799256619
"3255",-0.0576626527371581,0.00304269161388967,0.447075418044524
"3256",-0.0148852871208889,0.00307731749602868,0.497089838916996
"3258",-0.00941308361210288,0.00307911026418074,0.488018394399063
"3262",0.005160041940899,0.00262327712310802,0.484375000000924
"3270",-0.0275992063226318,0.00332479127566814,0.500090234442652
"3271",-0.0120464066426049,0.00307145890563837,0.489821910547989
"3272",-0.0166697528316571,0.00350387818454977,0.497572084067804
"3281",-0.00849460395393109,0.00305731740089496,0.484590942353927
"3295",-0.0133111092067633,0.00320093417906278,0.497348613625138
"3309",-0.0128086628902562,0.0028022607056006,0.488255708490581
"3315",-0.0138213801958229,0.003107134131145,0.497269520455236
"3338",-0.0506503199565599,0.00386462663208609,0.464675427316337
"3344",-0.010582941768072,0.00303948080219489,0.486862368038135
"3355",-0.0297675290862785,0.00233697331371255,0.500000193046879
"3362",-0.017798267864063,0.00263630502054828,0.499491667563113
"3364",-0.010116138819024,0.0030559059470894,0.492306139144904
"3401",-0.0144058831886332,0.00281988044291779,0.492490997951666
"3411",-0.0150737976905454,0.0031848493532362,0.497180671174935
"3420",-0.00106346134806328,0.00324777945965288,0.48437638494208
"3424",-0.0157975410208892,0.00321433691600722,0.488363441195225
"3426",-0.0241682317624566,0.00319707536854271,0.500138374308775
"3427",-0.0104719633149175,0.0030712318714027,0.492385763061545
"3430",-0.0846655625015883,0.00341600017213478,0.421875000000849
"3433",-0.011232539139441,0.00325828417528797,0.492349900866019
"3438",-0.00715280226145332,0.00311838518511097,0.485123966848203
"3442",0.00523675291679867,0.00398021705359634,0.484375037409793
"3444",-0.00944887508732785,0.00305709732560752,0.488841046687412
"3454",-0.00559274860342162,0.00333083161578286,0.487081697791527
"3458",0.0156571798918591,0.00299252770272649,0.469053189573718
"3464",-0.00018541417826123,0.00375586304428741,0.484377551605205
"3467",-0.00182668309545832,0.00356474278595458,0.484413150755697
"3474",-0.0175647675152772,0.00279994446303487,0.495251559224058
"3517",-0.0249162878347627,0.00298491881416079,0.500165727871101
"3526",-0.0121259405398784,0.0030999899009987,0.492337315379943
"3556",-0.0128593272193372,0.00302372695276393,0.490488104333974
"3575",-0.00457500476247002,0.00311902398951784,0.485531645284161
"3578",-0.00223384893793788,0.00379592194700451,0.484663259660173
"3591",-0.0147078973712225,0.00321986698410134,0.495956309119286
"3595",-0.00744054389032608,0.00307797611956329,0.48475401043727
"3599",-0.00844134968519793,0.00309519182086532,0.484446298512528
"3600",-0.0197631811451876,0.00274665157216946,0.500009167895531
"3609",-0.023649066314638,0.00330031614081222,0.500050833869072
