"constant","median_log_coeff","median_log_clr","median_log_tss","mean_log_coeff","mean_log_clr","mean_log_tss","n_all3","n_coeff_only","n_clr_only","n_tss_only","robustness","replicate"
-1,1.09962798888356,0.200449400940867,0.308502156434333,1.61379772297245,0.569887902464459,0.650121844835134,17,407,72,0,0.0342741935483871,0
-0.9,1.01800767504679,0.175313339970739,0.231470587501414,1.46903318929685,0.726442920026789,0.563640287085478,49,332,79,0,0.106521739130435,0
-0.8,0.895006567942096,0.217829246940289,0.237938763901186,1.43623790658657,0.623793091772801,0.567894210440133,49,291,56,0,0.123737373737374,0
-0.7,0.720705361097456,0.193205275829588,0.256959969432907,1.03692356025218,0.601645324234192,0.604753858535206,62,161,52,0,0.225454545454545,0
-0.6,0.600446004582489,0.1757967779111,0.218888604943388,0.951195068136704,0.569314515046903,0.5324235956001,49,134,60,1,0.200819672131148,0
-0.5,0.400010731181222,0.209160733893126,0.282415047854006,0.811154654288259,0.573681844219684,0.581830924214987,56,107,39,0,0.277227722772277,0
-0.4,0.476933240923694,0.173654747022484,0.256063045047894,0.797146863919649,0.623008704043189,0.512985219154823,41,94,66,0,0.203980099502488,0
-0.3,0.418579922602479,0.175687268970009,0.312306087479066,0.689797073229737,0.672814321352687,0.686701704723458,75,37,42,10,0.457317073170732,0
-0.2,0.492022886916717,0.177155502312669,0.316716181497627,0.915150512312456,0.735271949705251,0.649380344307786,90,109,49,0,0.362903225806452,0
-0.1,0.300647473320362,0.193038134425259,0.264977684100785,0.60652089649715,0.535227977674195,0.692649628481274,76,25,12,38,0.503311258278146,0
0,0.308191337307947,0.194316763616095,0.254884456481172,0.721790797927977,0.552097172343383,0.51663834853982,82,55,8,0,0.56551724137931,0
0.1,0.194543960057478,0.207367637017751,0.354565951700586,0.595684984495927,0.602942060448217,0.682505699360803,57,37,4,59,0.363057324840764,0
0.2,0.1845299499608,0.202817677690201,0.270855504714121,0.599851011497272,0.521269483662894,0.577081911080456,72,42,0,27,0.51063829787234,0
0.3,0.23248071026871,0.198495837942719,0.258118012749607,0.52322621783396,0.602016216527152,0.587129223268947,76,11,20,18,0.608,0
0.4,0.199915908314453,0.179802386522752,0.288661174002158,0.519971710532654,0.639038623526157,0.633669725206118,77,6,24,37,0.534722222222222,0
0.5,0.177298087522767,0.208515673738259,0.240924005914503,0.636540451347308,0.550732266924931,0.611699226240312,70,30,32,20,0.460526315789474,0
0.6,0.228809085567471,0.181837462472939,0.252317394123625,0.858064833227546,0.643855682408152,0.560338447534711,56,79,17,30,0.307692307692308,0
0.7,0.245361628611483,0.191650858021493,0.278969028368482,0.843657864435415,0.736604126277928,0.639659901043079,66,67,24,32,0.349206349206349,0
0.8,0.302091076802623,0.183979528842313,0.276235075480562,0.85089322393775,0.631953981283855,0.68953263403975,58,70,22,60,0.276190476190476,0
0.9,0.290915023373962,0.202083741719822,0.272972710047675,0.859461511444511,0.622449970106252,0.606408888540032,74,56,21,25,0.420454545454545,0
1,0.255769409873466,0.183716336885746,0.272322867252407,0.638584350896901,0.699996982004666,0.673737300261907,56,46,26,57,0.302702702702703,0
-1,0.938240201900707,0.200521983725031,0.253654524500725,1.35083352273936,0.518896107082051,0.574879546803802,37,275,48,9,0.100271002710027,1
-0.9,0.886229513760154,0.20039247465213,0.272453969674982,1.34903184702742,0.47997938052629,0.672842016054823,52,268,31,12,0.143250688705234,1
-0.8,0.853851158712526,0.185325463075174,0.265462063389327,1.2732581216197,0.593068893442205,0.556807617518652,35,263,69,0,0.0953678474114441,1
-0.7,0.890738946228113,0.188769084459573,0.29443304205396,1.28489821111431,0.668108097105192,0.486912136389111,29,265,75,0,0.0785907859078591,1
-0.6,0.803579071177615,0.188507698932122,0.28186635305989,1.13852914118486,0.638129393243391,0.58705227778578,49,191,59,0,0.163879598662207,1
-0.5,0.652907241039085,0.184483455582567,0.291059194373666,1.0518822505187,0.642800539792311,0.630120521724341,68,152,56,0,0.246376811594203,1
-0.4,0.529534589870114,0.184700502584262,0.267519510659046,0.771379666667263,0.569393168078556,0.604765481182823,58,93,33,0,0.315217391304348,1
-0.3,0.406308673388617,0.198491782147181,0.257964427892087,0.799168848616326,0.592179404405922,0.577202329777496,73,89,35,0,0.370558375634518,1
-0.2,0.323505551609415,0.240222928757476,0.257123035999272,0.759948231297138,0.627625019595786,0.581008846896928,93,62,14,1,0.547058823529412,1
-0.1,0.373875101740212,0.182026570630723,0.253403653125013,0.715339420469706,0.614068384743706,0.680971609190724,75,51,36,3,0.454545454545455,1
0,0.210150972419353,0.210151817170411,0.289846734135386,0.558817169490399,0.603583118891581,0.677948734022988,76,19,16,19,0.584615384615385,1
0.1,0.257741421497142,0.195262167366145,0.242038332188747,0.643154689869237,0.618091342957847,0.5369902572687,58,56,13,4,0.442748091603053,1
0.2,0.188717490703293,0.204470815500982,0.285524723165832,0.60028045050473,0.552313976949918,0.632317606334537,73,51,10,11,0.503448275862069,1
0.3,0.175593853062113,0.216810048808248,0.256706661081209,0.527025171031474,0.580466757945776,0.574003726882296,77,17,8,20,0.631147540983607,1
0.4,0.15108572246006,0.187817373179169,0.272906902654766,0.747898228163027,0.633894701623345,0.621174026736147,103,42,3,12,0.64375,1
0.5,0.174453399032338,0.188770232252204,0.253489430327119,0.607321471068561,0.612749265424752,0.505807240970271,61,53,0,3,0.521367521367521,1
0.6,0.206971436262307,0.206548425043005,0.240696443191925,0.715629502827707,0.56674112709093,0.614383509814949,70,45,20,29,0.426829268292683,1
0.7,0.201415907371307,0.18033867866066,0.279557010694646,0.650106783929763,0.678071266327743,0.648568925979076,75,27,5,38,0.517241379310345,1
0.8,0.270856576581077,0.200747289137672,0.246088700180511,0.788818170061825,0.513572136283973,0.585243977433025,46,72,14,53,0.248648648648649,1
0.9,0.308407996141899,0.199890352072888,0.262920699858828,0.86114164701043,0.542100552333254,0.733780171520514,74,59,9,70,0.349056603773585,1
1,0.394045627916271,0.206169453978014,0.229960855797924,0.91130147092888,0.56755132192775,0.66372014717075,75,80,5,50,0.357142857142857,1
-1,1.16535959979238,0.18821862872772,0.347483490666916,1.68350092089808,0.62360735434716,0.739742203522018,38,443,69,0,0.0690909090909091,2
-0.9,1.06566569788386,0.197572733461924,0.271459496061318,1.52605032063791,0.606785104213083,0.627347112556475,42,358,63,0,0.0907127429805616,2
-0.8,0.956063281032769,0.200491075944922,0.301269534519187,1.46283476703333,0.585097218841819,0.669084238123586,52,316,56,1,0.122352941176471,2
-0.7,0.711420645424925,0.19655895962882,0.282608830463305,1.13354196833352,0.56173206789171,0.669768112598388,52,201,46,1,0.173333333333333,2
-0.6,0.782883718627911,0.193337255182184,0.259017783614094,1.26455686071875,0.594313588904107,0.56256515156771,52,237,54,0,0.151603498542274,2
-0.5,0.486523067312176,0.185193353935428,0.247430605181756,0.763914437311739,0.599838095409599,0.582999911720642,67,58,48,0,0.38728323699422,2
-0.4,0.478137739401472,0.181046409783335,0.229770261168065,0.797973088350368,0.596623279350628,0.564524283676437,61,86,48,0,0.312820512820513,2
-0.3,0.527051996615596,0.182399747036814,0.319289164195681,0.862086300755625,0.5540311676506,0.649408446704719,62,90,37,0,0.328042328042328,2
-0.2,0.316446059038667,0.177540271017432,0.298115350142156,0.714196121683807,0.69142637581272,0.643485309268974,81,54,40,0,0.462857142857143,2
-0.1,0.363117165618943,0.192403535485482,0.222892012923218,0.751926682281828,0.624246099755259,0.63361701731729,73,70,36,0,0.407821229050279,2
0,0.28347347178868,0.170902204460361,0.235214469573426,0.59210341207761,0.544674562656994,0.597723143893746,78,50,29,1,0.493670886075949,2
0.1,0.229007068824843,0.197573856968391,0.311227037239109,0.489330064982889,0.652007341668505,0.669991785518896,62,5,44,37,0.418918918918919,2
0.2,0.240037086891337,0.199372260488362,0.273445626782731,0.590909165565767,0.556415057667995,0.612900321954242,64,47,17,11,0.460431654676259,2
0.3,0.204550758560929,0.175983535117224,0.384331590882275,0.64101687792584,0.66239250292096,0.703443250713003,83,21,13,33,0.553333333333333,2
0.4,0.189638702580181,0.206933164802874,0.269538199704661,0.632351842183276,0.625078295777551,0.702078175812189,71,21,27,39,0.449367088607595,2
0.5,0.18836907935558,0.175607437410761,0.270568820361184,0.531103219335829,0.581973804922796,0.627588640770118,74,19,23,26,0.52112676056338,2
0.6,0.195716800017072,0.189660964038311,0.256133493686987,0.638635017987826,0.542658721788982,0.647153544469014,54,44,27,46,0.31578947368421,2
0.7,0.233416001481801,0.210281172956959,0.320854509355185,0.771279039076676,0.545669385741205,0.549497665046188,41,78,3,32,0.266233766233766,2
0.8,0.237061905837569,0.214655196562476,0.25223919631488,0.662202962517915,0.448823925672285,0.615139001164694,63,41,8,35,0.428571428571429,2
0.9,0.356058917026364,0.182984092891775,0.262750407130301,0.845785175711754,0.556699306132089,0.657625803422384,61,85,14,61,0.276018099547511,2
1,0.363992135830023,0.211949284540572,0.310399703234308,0.895796163089863,0.574086290285032,0.575485688269688,51,81,22,14,0.303571428571429,2
-1,1.39283430220979,0.176594738094471,0.299797872404734,1.90222842687089,0.642868107796242,0.642595384306582,28,583,84,0,0.0402877697841727,3
-0.9,1.03356747433398,0.184771067029524,0.234304022864164,1.4426098689693,0.559837312193456,0.662959445288372,34,324,62,2,0.0805687203791469,3
-0.8,0.820226794649549,0.182995640829948,0.250500861970255,1.14322289421245,0.556996251339814,0.588613681810883,53,184,62,0,0.177257525083612,3
-0.7,0.743908802928976,0.209903062308199,0.375366356523177,1.09780128376976,0.773996453596359,0.741847205361588,27,201,93,0,0.0841121495327103,3
-0.6,0.645891246186783,0.199690078452791,0.25825328324387,0.954664202786261,0.567010540739266,0.654609448208206,45,123,62,1,0.194805194805195,3
-0.5,0.644193091159477,0.225714202734618,0.331759277147108,1.06446342747248,0.55391215851328,0.705429614456592,48,191,43,1,0.169611307420495,3
-0.4,0.426454064734235,0.171366988818065,0.309588649973067,0.65981838376986,0.677768236592573,0.775610553150865,65,36,61,23,0.351351351351351,3
-0.3,0.356313050299781,0.203403984641679,0.306730503790742,0.696159450795848,0.59351719869401,0.647172510145831,86,38,29,0,0.562091503267974,3
-0.2,0.313455490627546,0.176571103416691,0.278103264632545,0.650688682863444,0.662371848431777,0.687424991788309,76,46,36,2,0.475,3
-0.1,0.32381053049555,0.199202850431946,0.201997789557418,0.624625474004473,0.555612022554737,0.525538336107553,58,53,23,1,0.42962962962963,3
0,0.230299446774536,0.183781974376166,0.238794130993669,0.618932707180071,0.67084828086198,0.627461441696446,99,23,29,1,0.651315789473684,3
0.1,0.22244319128329,0.176785854888258,0.240727182795075,0.692415739688836,0.587866059793211,0.568232281995422,101,42,0,0,0.706293706293706,3
0.2,0.220886312027194,0.187818211808349,0.254386051980579,0.599318091745298,0.471433985087502,0.646316263805822,63,56,1,17,0.45985401459854,3
0.3,0.198387973821571,0.177702286519561,0.350156822256026,0.555538112230755,0.451058466242807,0.669944025728495,70,33,13,33,0.469798657718121,3
0.4,0.178566108640139,0.181123633304178,0.280831157756357,0.606938584701774,0.549133245426927,0.633085490179867,67,21,13,37,0.485507246376812,3
0.5,0.209747332574639,0.203861662126209,0.271212537683413,0.594241061120402,0.668089811093715,0.658117313692014,66,12,42,27,0.448979591836735,3
0.6,0.205621914239715,0.198771891099928,0.342347698104389,0.601829650149795,0.4869869381112,0.667490726595767,55,40,17,47,0.345911949685535,3
0.7,0.232970350499728,0.200921375620236,0.26351576664212,0.907574959621949,0.541038095288102,0.537984856839684,56,89,6,29,0.311111111111111,3
0.8,0.244640337163132,0.233513050005003,0.253208429641636,0.787766960797456,0.603594143292769,0.599241426386045,63,59,57,7,0.338709677419355,3
0.9,0.342114175319084,0.225170791201045,0.23756669362821,1.04113275283672,0.53118634495932,0.598339402152264,50,108,9,51,0.229357798165138,3
1,0.378833961735168,0.186663010544797,0.235437348223526,0.956364851034143,0.671048529821511,0.630362108384217,69,78,15,32,0.355670103092784,3
-1,1.2870388943647,0.167327628156499,0.241547877803796,1.81618514139316,0.693649782995422,0.676811040549099,42,504,84,0,0.0666666666666667,4
-0.9,0.944966555852206,0.222886297164813,0.245870034162905,1.31308161502037,0.49133973989351,0.587140430292427,17,270,63,0,0.0485714285714286,4
-0.8,0.658228379474956,0.221173197532377,0.318131336952872,1.11362207909127,0.647385688095234,0.746381522121646,78,170,52,0,0.26,4
-0.7,0.627680592785462,0.197103112503454,0.270843823314745,0.994420937012402,0.664363794544614,0.744045464268648,53,140,55,0,0.213709677419355,4
-0.6,0.602917527685381,0.266223487706584,0.326304370732061,0.976053059298715,0.628816002265758,0.681244033351647,54,141,50,0,0.220408163265306,4
-0.5,0.66924029351819,0.193512407620399,0.257011669809465,0.92298317542287,0.586371684817926,0.57744822549369,42,163,50,0,0.164705882352941,4
-0.4,0.553181748678783,0.192681314838348,0.356698564583688,0.799764113239231,0.543669471609674,0.731142388833571,42,93,57,1,0.217616580310881,4
-0.3,0.336000195841949,0.194808195142094,0.317440198336839,0.829382210933276,0.63499064432223,0.688939072398494,75,100,18,0,0.38860103626943,4
-0.2,0.350274869094054,0.182365746273106,0.319716144946692,0.739085856976688,0.636822001596763,0.714959426190404,85,65,30,10,0.447368421052632,4
-0.1,0.35043426173783,0.182373951993272,0.227262920061638,0.630838139036238,0.57024397559011,0.592716407554254,57,54,40,0,0.377483443708609,4
0,0.293881058170597,0.194404097181094,0.353260971161706,0.724415532522978,0.591425375341185,0.665508151782752,88,52,11,0,0.582781456953642,4
0.1,0.194501830051053,0.193197642010831,0.272456641696408,0.683513189255967,0.703299634815918,0.654620731787944,76,50,14,14,0.493506493506494,4
0.2,0.2494061339654,0.196218798253067,0.301154805342325,0.631492525363846,0.476175551457662,0.611398182273381,66,62,5,7,0.471428571428571,4
0.3,0.188288497141841,0.188487209426818,0.263616609884149,0.55058687779755,0.528565705107039,0.677368735045437,65,21,24,64,0.373563218390805,4
0.4,0.173656639248761,0.19954679989223,0.29425679652843,0.731809039494929,0.565627452459233,0.638814016114815,62,56,1,64,0.33879781420765,4
0.5,0.215993632279654,0.178581260786598,0.242700159605395,0.735688547146104,0.68815079013793,0.591637528936415,66,47,16,36,0.4,4
0.6,0.197446904832964,0.189121858988583,0.307956790693001,0.606781440965669,0.616190688826528,0.788097150932575,65,28,36,58,0.347593582887701,4
0.7,0.190932725045004,0.180781988542928,0.211249682209141,0.71086991708889,0.547944464363409,0.640244092109522,73,38,22,20,0.477124183006536,4
0.8,0.297729530998264,0.187180894484698,0.309976732999903,0.860014962651503,0.633026580568897,0.532404977648009,46,86,37,8,0.259887005649718,4
0.9,0.291886091985112,0.217325793942598,0.286990323317646,0.836801150733162,0.54559940118191,0.596274554166882,53,82,16,34,0.286486486486487,4
1,0.350374376555564,0.207527577802946,0.244132339972348,1.07219957272797,0.622938789077684,0.63932904282407,54,101,43,34,0.232758620689655,4
-1,0.940078705105217,0.194768918418327,0.28005163579742,1.36061148761133,0.589198326143367,0.62136479034238,25,305,67,0,0.0629722921914358,5
-0.9,0.799473187213582,0.196676444125922,0.248343343666994,1.20377917713971,0.609188227385822,0.635181778004073,30,228,70,0,0.0914634146341463,5
-0.8,0.695637189838587,0.199918144270349,0.217148179946975,1.05675312445043,0.617059162688005,0.695215204975192,64,152,51,4,0.236162361623616,5
-0.7,0.610364016545377,0.178286668830821,0.231597904569865,0.938669627859867,0.716106160875315,0.677601813987,39,138,78,0,0.152941176470588,5
-0.6,0.653476664861605,0.185589332938752,0.263530255760327,0.98325722136681,0.640276918441635,0.632867984507365,61,139,54,0,0.240157480314961,5
-0.5,0.690530234695044,0.185572661357509,0.331517217432377,0.990030810104864,0.619949483261749,0.682711978284484,53,134,58,0,0.216326530612245,5
-0.4,0.497975051324941,0.201355674575884,0.226362493758136,0.820003881125062,0.57884444113549,0.655016398615701,42,109,52,0,0.206896551724138,5
-0.3,0.409998875462521,0.199736746756063,0.276172662886925,0.69413781067416,0.560132454361341,0.678774519328951,72,47,30,6,0.464516129032258,5
-0.2,0.32209587639421,0.201588853748256,0.28268764365314,0.726662570314524,0.555409549848459,0.656855291164222,58,86,29,1,0.333333333333333,5
-0.1,0.29484675249985,0.188879287335176,0.305744475222856,0.615116637526133,0.652382123627514,0.721157281734016,79,25,29,31,0.481707317073171,5
0,0.297225178086834,0.188800498419579,0.299570216853231,0.553057037399209,0.594951939086547,0.741098947307561,76,3,36,46,0.472049689440994,5
0.1,0.226136434867559,0.165047636802498,0.193145816092911,0.610011144478112,0.628682983438307,0.607383404534771,85,24,15,6,0.653846153846154,5
0.2,0.203769996689638,0.205038567106913,0.277633187663843,0.573144029554866,0.609739553673394,0.624383302705242,97,24,4,2,0.763779527559055,5
0.3,0.222785770204093,0.185458387159325,0.285443607369452,0.508631643305388,0.461884679572468,0.732680799031037,73,1,38,44,0.467948717948718,5
0.4,0.175818762245081,0.196038396488606,0.252860609887619,0.614229669173485,0.636528365808033,0.586554501895589,83,20,11,24,0.601449275362319,5
0.5,0.180024417499299,0.184458044868724,0.198157131616885,0.676417169600078,0.654624260463326,0.571130896389698,86,27,32,2,0.585034013605442,5
0.6,0.174701278801397,0.223285780170167,0.259939619135842,0.631540934786389,0.491757048440123,0.651346095261605,67,48,0,53,0.398809523809524,5
0.7,0.217189903943027,0.193432838985701,0.216265038252715,0.745021860945096,0.565336601841045,0.608164082030272,70,46,12,52,0.388888888888889,5
0.8,0.307335977988513,0.191882521348411,0.308476443374692,0.996001598451733,0.679981043402594,0.659976556417039,60,91,15,48,0.280373831775701,5
0.9,0.350012865240886,0.205850249165768,0.314059673046679,0.913517030918653,0.639351007431286,0.512068981547382,34,99,3,27,0.208588957055215,5
1,0.463442627875332,0.220008045328396,0.295552284912466,1.17753650455197,0.536558966451831,0.596837528882278,51,119,43,2,0.237209302325581,5
-1,1.28772886900869,0.176798729048206,0.233886501950812,1.88021687682382,0.65804560116661,0.593979026234952,48,496,63,0,0.0790774299835255,6
-0.9,1.34461276386087,0.182561447406965,0.274288804518886,1.89621547759795,0.516529457356888,0.574478651045786,35,560,67,0,0.0528700906344411,6
-0.8,0.751985157922885,0.198759382050762,0.293893002558997,1.15195712114647,0.634502669699955,0.569436771032396,55,183,61,0,0.183946488294314,6
-0.7,0.758671662914799,0.200524893924873,0.240895769551023,1.03752398884912,0.586293966684915,0.701654916735653,43,197,57,0,0.144781144781145,6
-0.6,0.610552677614777,0.190514991516979,0.303618681037938,0.959800688190886,0.717740005236271,0.667345144615848,72,107,58,0,0.30379746835443,6
-0.5,0.607451975993851,0.220712194465055,0.216742982477632,1.12843852254321,0.553309700346895,0.592320625386915,61,195,26,0,0.216312056737589,6
-0.4,0.548930318356758,0.187902462999836,0.315599954775328,0.954510397461038,0.667433789803793,0.642996372982196,55,142,64,0,0.210727969348659,6
-0.3,0.44196672355636,0.192593067897077,0.259326104894617,0.850371779324562,0.612764316935377,0.643166595467279,87,89,24,1,0.432835820895522,6
-0.2,0.39259288288493,0.202917684539701,0.278600839889049,0.795273739718013,0.575955672498332,0.654583073255798,69,93,31,0,0.357512953367876,6
-0.1,0.288654696889712,0.199633682769195,0.228621938593271,0.71969534241962,0.626767916108208,0.655880970010623,71,79,24,0,0.408045977011494,6
0,0.271457555104772,0.215380385041464,0.268310549368897,0.581556741838606,0.466559561378879,0.641543404261881,63,65,0,5,0.473684210526316,6
0.1,0.207682500439627,0.198626159277095,0.244662642913226,0.610855597396391,0.531330013099736,0.580835721934277,58,57,3,10,0.453125,6
0.2,0.191494872324793,0.186912554133193,0.313633244012283,0.438552614757283,0.651854388925954,0.676359522953462,54,26,24,71,0.308571428571429,6
0.3,0.173021740621467,0.17600828346588,0.279333434836887,0.47744788713595,0.624276641812575,0.560151321717912,81,6,25,3,0.704347826086957,6
0.4,0.185575259901068,0.176734171545051,0.392937746858237,0.697967838309598,0.603047586189055,0.704587858734243,64,51,9,54,0.359550561797753,6
0.5,0.169802476362142,0.21538907612726,0.348291447260284,0.728343262454304,0.481960366375667,0.735778993732476,77,43,6,65,0.403141361256544,6
0.6,0.190743236478364,0.170111581500501,0.278688482173877,0.628402948336207,0.713941029592899,0.570019875457068,64,38,41,9,0.421052631578947,6
0.7,0.251633642091514,0.192587564345118,0.263303111593297,0.747324683738437,0.576864358194544,0.659253429128689,67,41,27,31,0.403614457831325,6
0.8,0.232169624043078,0.165310629249007,0.267073024897717,0.923939053109185,0.763643465695725,0.609069784052551,66,80,22,24,0.34375,6
0.9,0.327843932660623,0.175088756021266,0.299352191640497,0.949263835415948,0.707023299784654,0.703505275051108,63,86,24,50,0.282511210762332,6
1,0.389901875447911,0.190855922246288,0.24381429406949,1.11502185209181,0.656730791026371,0.594664894592915,71,101,46,1,0.324200913242009,6
-1,1.19461824704843,0.195212423751361,0.266603521837495,1.7490617405637,0.602638885047888,0.637278746942957,34,459,70,0,0.0603907637655417,7
-0.9,0.949910313082328,0.190796847648873,0.276888157061815,1.41983340701304,0.657296336987946,0.606994396048711,20,333,74,0,0.0468384074941452,7
-0.8,0.77499301768315,0.190656022786687,0.251526857581176,1.23276713450073,0.554713320699232,0.658209707929117,39,243,45,7,0.116766467065868,7
-0.7,0.605699353639882,0.220836368873761,0.272385875566884,0.939965912613613,0.489644354876258,0.621064467833009,39,157,43,0,0.163179916317992,7
-0.6,0.755345901628267,0.209629419371389,0.304526846476662,1.13545373565651,0.506463931749529,0.660676555587889,34,218,53,0,0.111475409836066,7
-0.5,0.522286105909057,0.18162455990018,0.26087276009713,0.856439831546481,0.497555639514234,0.580451525743424,46,125,35,2,0.221153846153846,7
-0.4,0.404966666876119,0.190389105599601,0.33174688627228,0.717267473215894,0.711787704648472,0.724076735184838,91,34,44,11,0.505555555555556,7
-0.3,0.453434108378817,0.187777752135267,0.20610333896395,0.816781977528625,0.681689660193621,0.718407247139887,64,95,60,0,0.292237442922374,7
-0.2,0.445860969103645,0.2032471838817,0.274966863847248,0.751750671945132,0.547610716026471,0.569161468547395,52,81,42,0,0.297142857142857,7
-0.1,0.396829234092134,0.209793005746358,0.24399407156245,0.784998129236952,0.550576183374011,0.624840308189614,55,102,31,2,0.289473684210526,7
0,0.244998356475529,0.210185144967165,0.277077434108406,0.634268622916681,0.686008649171915,0.742552810550692,88,24,16,52,0.488888888888889,7
0.1,0.275647161801778,0.189591386807063,0.227929261924578,0.57301528961036,0.521570812830681,0.564160366896353,72,31,25,0,0.5625,7
0.2,0.224041066548121,0.17397271555607,0.263078368699662,0.703630648878221,0.637309152136151,0.607406232879137,64,82,23,0,0.378698224852071,7
0.3,0.206449231209891,0.220678976570626,0.217027543816607,0.502779830147245,0.656516696256449,0.589658990697937,75,4,20,55,0.487012987012987,7
0.4,0.189010072820745,0.183006571844537,0.295404837506026,0.629479680290365,0.616034990383301,0.693377791844744,74,29,11,46,0.4625,7
0.5,0.209429059553832,0.219709627822327,0.235054821168221,0.6309197757205,0.5911137312947,0.525978535266668,60,38,38,0,0.441176470588235,7
0.6,0.253692893852001,0.17297537539,0.258243014878729,0.862094414570945,0.542145997139597,0.549580187796851,51,84,28,18,0.281767955801105,7
0.7,0.211389963542823,0.233561234692307,0.220813752014914,0.810448239050666,0.5751772124653,0.686180180797908,74,45,30,17,0.44578313253012,7
0.8,0.248935388100844,0.205629368976883,0.27535512370381,0.871273056454981,0.660823181518469,0.644980921099479,70,70,27,29,0.357142857142857,7
0.9,0.203880333898928,0.188232609520475,0.263177216988752,0.672322759003138,0.599669995251193,0.648452717238501,63,41,7,64,0.36,7
1,0.417342454725282,0.181324402785549,0.27417676700393,0.747968282481722,0.641546692222121,0.628748684463874,60,28,39,31,0.379746835443038,7
-1,1.05854424137378,0.202245646826586,0.344771380461175,1.60178255420577,0.590739484830926,0.659194609631981,27,397,62,0,0.0555555555555556,8
-0.9,0.718154382123649,0.201718062464194,0.264990152082139,1.01005636408091,0.574722266911134,0.574664517130239,46,180,59,0,0.16140350877193,8
-0.8,0.955693897523967,0.161468285487756,0.2659566775313,1.4939366435478,0.754558496687094,0.615851584870667,42,335,84,0,0.0911062906724512,8
-0.7,0.783931726700158,0.197668893378418,0.293888279295641,1.10518667419567,0.565118243432968,0.706138062577885,62,170,51,0,0.219081272084806,8
-0.6,0.725701417646881,0.189587024261282,0.280924875158486,0.917136551252955,0.594092541192665,0.684791209503117,66,146,46,0,0.255813953488372,8
-0.5,0.574429715498087,0.186445247933417,0.313893896846895,0.910378247241252,0.596536970288815,0.617687477226862,53,119,44,0,0.24537037037037,8
-0.4,0.548622092978341,0.203925240902737,0.307675194856207,0.911171020880225,0.48835668185518,0.572271299112589,46,152,14,0,0.216981132075472,8
-0.3,0.603132215138661,0.167042517915926,0.37254141711518,1.01318878103268,0.748108902516577,0.653710052523213,44,173,72,0,0.152249134948097,8
-0.2,0.493538683263103,0.177547533047751,0.241140851682602,0.922208951328462,0.581017303854701,0.544094474909712,103,104,25,1,0.44206008583691,8
-0.1,0.317268815522912,0.221696962434464,0.308240993197737,0.683061458701169,0.681490570860858,0.558005989120037,86,42,24,0,0.56578947368421,8
0,0.207442130541327,0.194018181268553,0.25301881298301,0.591263528713209,0.510553153674302,0.576919369209551,81,23,3,33,0.578571428571429,8
0.1,0.24121178035894,0.201160921312967,0.337941441958688,0.568840224201657,0.53754553312881,0.751525564635033,68,16,4,75,0.417177914110429,8
0.2,0.205114679219691,0.200521961949797,0.302233906341754,0.569766113621135,0.555862608468029,0.654563996850632,75,18,3,42,0.543478260869565,8
0.3,0.213055518561329,0.211042175906521,0.283714036301722,0.553437667131981,0.53004401222608,0.676561307694495,71,17,15,47,0.473333333333333,8
0.4,0.171645141828429,0.201350325483002,0.230354476035478,0.635872848787634,0.60285886476138,0.537250265857814,84,27,6,4,0.694214876033058,8
0.5,0.16359834673759,0.217593661635071,0.205504434579162,0.712211199862753,0.564363273843492,0.616814384992933,84,27,14,32,0.535031847133758,8
0.6,0.220054228773824,0.190492157737892,0.302203168142145,0.689824468780443,0.585363423828763,0.654102274256819,63,55,35,31,0.342391304347826,8
0.7,0.214219611958421,0.193364377337946,0.322950764096041,0.66381541684141,0.626141047025988,0.600053632653931,57,42,7,46,0.375,8
0.8,0.318659000565922,0.196320495310374,0.245970647682961,0.953335742128224,0.561278509008206,0.748792206278573,73,67,29,45,0.341121495327103,8
0.9,0.279436124248415,0.19357860742797,0.228830578729806,0.836872772051356,0.585064640075632,0.653197983397473,77,50,7,65,0.386934673366834,8
1,0.434107603200284,0.174407348328386,0.284455772481891,0.905344187380209,0.559273623309242,0.54405915651767,51,100,22,3,0.289772727272727,8
-1,0.912670402696516,0.186634627612255,0.26386122668663,1.24112923579604,0.683047748399906,0.68603474130483,42,228,76,0,0.121387283236994,9
-0.9,0.909786863672326,0.177916051332122,0.254408782585719,1.45535960450346,0.652277897900171,0.579691871051173,52,299,63,0,0.1256038647343,9
-0.8,0.949622846636556,0.164278954160729,0.26661210496439,1.41711515018217,0.743735627512675,0.510553648622189,45,302,88,0,0.103448275862069,9
-0.7,0.746234194320056,0.20084027441603,0.306272851212994,1.00510971750626,0.624232964885985,0.588585566912403,31,151,62,0,0.127049180327869,9
-0.6,0.710245920770236,0.171688772423194,0.268591997139547,0.992481765010832,0.607734303832727,0.552906915097097,46,167,59,0,0.169117647058824,9
-0.5,0.639905151340164,0.203657619925262,0.253995041296196,0.990933783007591,0.602286291114426,0.621926616864614,47,154,44,0,0.191836734693878,9
-0.4,0.423022297717216,0.195388704229863,0.273313257875861,0.709072678483222,0.607915961701154,0.571075208903102,56,84,39,0,0.312849162011173,9
-0.3,0.476243388502454,0.179184705571641,0.281891615413447,0.663607612755549,0.598841996450179,0.686052389732049,64,39,53,3,0.40251572327044,9
-0.2,0.319728477086196,0.192724491144566,0.214771388165332,0.658045998560541,0.564749276024605,0.581567747803461,41,71,45,0,0.261146496815287,9
-0.1,0.352061783622107,0.195971726354691,0.259137877698069,0.749319022544997,0.608342182354302,0.676840853619013,67,78,23,0,0.398809523809524,9
0,0.28028448094185,0.169147156825829,0.238667438893739,0.619773387904719,0.662738536773666,0.69813276063548,74,49,30,4,0.471337579617834,9
0.1,0.235911179989373,0.169489935378691,0.20660276255241,0.607238269937408,0.636296810834367,0.650454902746654,108,4,35,3,0.72,9
0.2,0.176540841637195,0.186109337451794,0.288462591843238,0.600821233657765,0.693730442085452,0.743456635758109,80,8,23,57,0.476190476190476,9
0.3,0.171742191219468,0.199536024917642,0.248380864689437,0.704666900515222,0.546346692682916,0.546373268188571,74,39,0,10,0.601626016260163,9
0.4,0.190899221991888,0.209333311384638,0.26542406582889,0.597622220969324,0.605307400493574,0.554845367495313,73,21,28,4,0.579365079365079,9
0.5,0.166661160062575,0.166570317758603,0.338118154786164,0.578107708034272,0.742062782384975,0.567700630270775,44,52,39,9,0.305555555555556,9
0.6,0.325763676547249,0.177951759524155,0.243202548340072,0.879233965767922,0.642194679850647,0.622266127048057,49,99,16,55,0.223744292237443,9
0.7,0.237440444915079,0.201568302271086,0.265981402742396,0.839887846637027,0.575518596183826,0.514769293728688,61,75,24,7,0.365269461077844,9
0.8,0.30557454627443,0.182100441269963,0.237860365812289,0.968117818700601,0.667085414947541,0.542812562238981,55,90,30,16,0.287958115183246,9
0.9,0.301444810099398,0.206011612536264,0.261604691765529,0.876790217454739,0.590430921659797,0.546640717549624,61,79,5,21,0.367469879518072,9
1,0.361830531706577,0.196364105778032,0.291630956056933,0.800361507685837,0.562487185797288,0.784904564512182,70,73,23,65,0.303030303030303,9
-1,1.36406484283342,0.206635234147579,0.332324870741342,1.87547580730949,0.640269765836363,0.726220519608276,48,566,67,0,0.0704845814977974,10
-0.9,0.899516411757404,0.20271360538985,0.248305016765654,1.13003672248581,0.654364776637339,0.59544216326657,53,151,59,1,0.200757575757576,10
-0.8,0.981468189246547,0.184331923522423,0.338687300809641,1.1322063471964,0.635706778103735,0.677388765443493,27,287,73,0,0.0697674418604651,10
-0.7,0.850146027068886,0.192086704378452,0.233527510177623,1.35606601038767,0.718901641971968,0.535449837236206,34,291,83,0,0.0833333333333333,10
-0.6,0.638443830263786,0.211703005458213,0.308596842568787,1.08989269895085,0.679584203391673,0.6341051903875,72,158,54,0,0.253521126760563,10
-0.5,0.513869026180973,0.191411262916844,0.317039582359028,0.941181900972548,0.580928026406121,0.723168679399761,46,146,55,0,0.186234817813765,10
-0.4,0.459213287486266,0.182768098110176,0.304175136108035,0.853786519590488,0.665358689934656,0.70030794333882,83,89,42,1,0.386046511627907,10
-0.3,0.386379980901909,0.186822785205975,0.337001632683722,0.74107159907721,0.672153434228197,0.568506748480498,55,89,41,0,0.297297297297297,10
-0.2,0.363887425059922,0.209904062130489,0.281883296002784,0.78550297473422,0.468740563368082,0.579952227262353,57,96,26,0,0.318435754189944,10
-0.1,0.269221797331124,0.172980738355092,0.275035378903856,0.539097575287474,0.646227069617221,0.621202305803965,64,29,38,15,0.438356164383562,10
0,0.242586371204475,0.195846073158518,0.227888590838956,0.530114761175882,0.559437811458505,0.617781646843788,95,10,21,10,0.698529411764706,10
0.1,0.251861272857661,0.208275072235248,0.24096368236278,0.638159146066528,0.714644159486846,0.585284630401696,102,14,20,4,0.728571428571429,10
0.2,0.208081906111274,0.181932114453812,0.260697234885261,0.55009169220358,0.656199776695349,0.690666980025799,69,18,26,49,0.425925925925926,10
0.3,0.180937040639107,0.194956819289095,0.298509152584276,0.617132985123119,0.514942841059151,0.642649622736754,63,28,27,29,0.428571428571429,10
0.4,0.19687844390036,0.178662431478346,0.251638399097594,0.52775150493955,0.676175916431817,0.596897530115338,86,5,33,4,0.671875,10
0.5,0.162761972155012,0.210064211483511,0.228072164554025,0.774129189697417,0.555688230328003,0.602245386467452,73,50,0,39,0.450617283950617,10
0.6,0.216566201988872,0.216690438831169,0.300120579027682,0.63271121334524,0.640964030554651,0.760345353186886,74,30,50,32,0.397849462365591,10
0.7,0.264818140525823,0.195459231103249,0.211669010254751,0.771044674463808,0.58252452826089,0.539705292617872,65,49,30,7,0.43046357615894,10
0.8,0.225115735323575,0.169534259327129,0.229081516765289,0.867278056680362,0.634397899000043,0.557242085557649,67,68,36,1,0.38953488372093,10
0.9,0.323898415614356,0.188949721738587,0.250312050989805,0.923297085403706,0.498891079994429,0.587314510592638,51,86,37,28,0.252475247524752,10
1,0.342549742574253,0.180685899798019,0.254365058729449,0.905666580836817,0.651059698708233,0.632447617406777,67,74,10,34,0.362162162162162,10
-1,1.19797356848427,0.203266807575082,0.217978677587719,1.68063589504508,0.622262740293865,0.552725729133442,43,435,64,0,0.0793357933579336,11
-0.9,0.932239132321866,0.191645947465032,0.262296725352485,1.41244865328007,0.590514697197695,0.530334263537643,43,309,53,0,0.106172839506173,11
-0.8,0.720214835838225,0.20669559174625,0.28754942615356,0.949877170449378,0.57667077427807,0.616599730282277,32,130,59,0,0.144796380090498,11
-0.7,0.690317303602269,0.185244385016686,0.283033509443725,1.03999651990891,0.650923456086672,0.647121703650913,41,176,62,0,0.146953405017921,11
-0.6,0.631170907927189,0.175352673659427,0.253629038461783,1.03920931654255,0.653130087625047,0.622035176434425,42,169,77,0,0.145833333333333,11
-0.5,0.579689831267135,0.201638681413314,0.262174779867124,0.850250140443096,0.568793664611938,0.64190426982374,43,115,48,0,0.20873786407767,11
-0.4,0.375945976180231,0.178605804942795,0.257161029760237,0.815270625117225,0.64807859347394,0.646293907101074,45,126,50,0,0.203619909502262,11
-0.3,0.444046081707339,0.188882027266088,0.262361190304173,0.739973890749742,0.607692027075829,0.635221903300902,75,53,49,0,0.423728813559322,11
-0.2,0.416608976934406,0.186814510550929,0.310584110058702,0.736111861037303,0.565678913152731,0.567955133152185,82,79,15,0,0.465909090909091,11
-0.1,0.489893106509317,0.186685291125599,0.294208362707904,0.773491183163099,0.666831655751575,0.626100610037416,61,87,42,0,0.321052631578947,11
0,0.217539056511397,0.193964536938797,0.228199934651558,0.585541103943399,0.661933760149632,0.516776307046916,65,54,21,3,0.454545454545455,11
0.1,0.231891777138084,0.188088070088335,0.226855365583652,0.661059737708717,0.559904871916085,0.615745671011092,88,44,4,8,0.611111111111111,11
0.2,0.22301450267742,0.164589080464679,0.213760248875849,0.567466929272921,0.632840648228049,0.685229791860991,94,6,29,16,0.648275862068965,11
0.3,0.203403794580628,0.185768170142612,0.288579289324875,0.625578748438978,0.573206981200889,0.723532605468352,86,9,17,39,0.56953642384106,11
0.4,0.157058222715482,0.184601230001021,0.34271974351351,0.77470664396573,0.613560281636584,0.714625421540518,75,71,1,52,0.376884422110553,11
0.5,0.173257819284559,0.213659692889757,0.438019707929287,0.731566372718849,0.597170522451397,0.876203094245263,41,83,28,116,0.152985074626866,11
0.6,0.222232865207813,0.199498529233454,0.21422180598594,0.760248660954526,0.567937641191836,0.59192075049966,80,41,15,9,0.551724137931034,11
0.7,0.170458556988063,0.182456783448917,0.199182543578854,0.742375069584078,0.662833211978546,0.659110640392809,87,33,8,32,0.54375,11
0.8,0.358127425355957,0.194380340551229,0.276333202392281,0.9277454528357,0.719800106086202,0.681085539651973,62,81,28,43,0.289719626168224,11
0.9,0.298306238122598,0.172242988219521,0.286727736674881,0.864215023979573,0.649583107125126,0.650675452880785,69,63,29,24,0.372972972972973,11
1,0.423852674867125,0.178324846882082,0.271017198204824,0.957418621029372,0.704447329521833,0.655493555512865,53,96,34,40,0.237668161434978,11
-1,0.837483517162544,0.190575563662891,0.249948613117438,1.21396062845027,0.49840406851201,0.590088161397454,39,240,49,1,0.11854103343465,12
-0.9,1.04445586945081,0.191470582712124,0.329899830036469,1.56290282769964,0.671743940991212,0.626277588700904,63,340,71,0,0.132911392405063,12
-0.8,0.907855923941893,0.211051609751231,0.307625134561844,1.42607275712378,0.653487150338926,0.626608256724048,70,270,52,0,0.178571428571429,12
-0.7,0.739082392898853,0.176175897649593,0.300941459868833,1.16692520136248,0.622075448464757,0.669425598162624,28,225,65,0,0.0880503144654088,12
-0.6,0.60509330322949,0.203767795823669,0.245671064827541,0.906238803077321,0.60568267361875,0.58463381375646,39,141,49,0,0.170305676855895,12
-0.5,0.472402578835925,0.186776718984478,0.266817155677838,0.865042684725542,0.490612990840797,0.538034698415863,44,121,35,0,0.22,12
-0.4,0.501483272412038,0.183619516977942,0.263514504732238,0.915250552504712,0.479269021051957,0.591306444553032,65,126,45,0,0.275423728813559,12
-0.3,0.473285236475791,0.172367025738742,0.32432553158293,0.7231542817779,0.661718748522959,0.643696729259351,51,72,68,0,0.267015706806283,12
-0.2,0.341159275428699,0.201645784329026,0.306756966465933,0.727208439767479,0.608951335168829,0.73879940588007,54,91,49,0,0.278350515463918,12
-0.1,0.343167560977159,0.169945116894158,0.21683763460059,0.776094613055685,0.656904908971847,0.65817678198203,106,48,26,0,0.588888888888889,12
0,0.314172380250266,0.202209582782206,0.270459552964656,0.661475457766851,0.563183439355987,0.633685406657544,73,62,14,0,0.48993288590604,12
0.1,0.219307791796239,0.200523873686556,0.197891099530111,0.65405430268626,0.567389143072404,0.570660460082684,77,58,6,0,0.546099290780142,12
0.2,0.265084699215793,0.202367834802499,0.269354283152977,0.570080309624071,0.69052120612945,0.684306592400824,93,1,39,12,0.641379310344828,12
0.3,0.182858534641518,0.186717299549076,0.265910537252424,0.574656805352734,0.610722447556194,0.608386109272938,65,28,25,33,0.43046357615894,12
0.4,0.16920734515358,0.194859772828093,0.237603768271106,0.716961999839746,0.752878791743387,0.565803366212282,71,59,8,14,0.467105263157895,12
0.5,0.19764032459689,0.207473934580503,0.303594508609677,0.598954225537078,0.586463878845403,0.567235655540274,50,41,31,10,0.378787878787879,12
0.6,0.223662055758601,0.168823878394548,0.26402593549416,0.682444328348911,0.625354917650465,0.688128636882457,71,32,10,61,0.408045977011494,12
0.7,0.201119897840325,0.178849226093726,0.235668680576293,0.616088346788456,0.627305936943405,0.585173071960204,61,30,34,30,0.393548387096774,12
0.8,0.278820195122886,0.20640190474973,0.209916718212586,0.808151170742424,0.626236978975736,0.578078342083445,71,52,19,19,0.440993788819876,12
0.9,0.236371809586131,0.225801574718196,0.217255006930339,0.81454175303763,0.613097216335213,0.585536198667873,69,53,22,15,0.433962264150943,12
1,0.41858271327109,0.191866009943829,0.290125359679868,0.895291921547425,0.590305958740093,0.704182188378783,60,70,13,66,0.287081339712919,12
-1,1.08025975476373,0.175090443991366,0.363581597617199,1.54209647239107,0.696966415664045,0.762253641786078,22,379,84,0,0.045360824742268,13
-0.9,0.943658468991496,0.209826020188731,0.277683012480437,1.35437437423737,0.639850628372265,0.655509044433108,49,264,65,0,0.12962962962963,13
-0.8,1.17393125698647,0.18975085866941,0.283032667285069,1.70825762381085,0.69716087652181,0.672022551504996,54,411,72,0,0.100558659217877,13
-0.7,0.806673502629321,0.19758260855923,0.294604386699808,1.24452959302898,0.516795656445742,0.64175795905735,58,230,34,5,0.17737003058104,13
-0.6,0.584037841096833,0.205402170835006,0.288633162653323,0.802610603904227,0.573337743387555,0.600816225449486,58,68,45,0,0.339181286549708,13
-0.5,0.601694207010406,0.196759087408369,0.283065308234967,1.00015075532229,0.682064194456831,0.624879613474656,42,167,74,0,0.148409893992933,13
-0.4,0.444762357105634,0.185500660283236,0.318984501957382,0.818106333815299,0.570889602754704,0.713350143198692,80,78,49,2,0.382775119617225,13
-0.3,0.405816010162978,0.190504931882699,0.229194919911682,0.792637347409896,0.581726320345423,0.600751240696615,81,79,32,0,0.421875,13
-0.2,0.308973141859515,0.209554238961495,0.271414528561456,0.705894456662096,0.586453968549639,0.550577156213219,54,87,31,0,0.313953488372093,13
-0.1,0.282544899820875,0.185543132280638,0.240118278813879,0.658748944359796,0.606231530648716,0.621097369300046,87,40,38,1,0.524096385542169,13
0,0.293330421428699,0.169370690108844,0.332025575162352,0.634491833560955,0.653617940961085,0.708498349605958,92,26,31,6,0.593548387096774,13
0.1,0.315292722578297,0.182743224269449,0.288739155068839,0.642523154561076,0.648170963732624,0.638709064335178,65,55,33,3,0.416666666666667,13
0.2,0.177196178333774,0.188016847417119,0.296905308234279,0.557924330167667,0.636550711801548,0.630776205941334,82,19,14,25,0.585714285714286,13
0.3,0.191836180785347,0.206259351409208,0.333319506800112,0.709953975339993,0.668688840198922,0.669477055298921,67,48,31,27,0.38728323699422,13
0.4,0.16492768677031,0.19720497142981,0.293787116798833,0.650913412770693,0.603983158304691,0.641256860890336,88,37,1,15,0.624113475177305,13
0.5,0.217395658085146,0.198094715287824,0.300243906366622,0.57395270952075,0.572292287964687,0.660827867903544,61,24,37,26,0.412162162162162,13
0.6,0.260048795724875,0.181523392789187,0.244408457328017,0.673577171103239,0.638948255015125,0.506123996179974,52,59,34,2,0.353741496598639,13
0.7,0.217536198023963,0.192662728715227,0.238767687772033,0.784960683788921,0.673424346035289,0.553298673923289,55,69,10,57,0.287958115183246,13
0.8,0.25896020628535,0.182682491514449,0.238994682659998,0.778204574996576,0.518936402932132,0.589660350442479,54,69,17,38,0.303370786516854,13
0.9,0.276040471017238,0.183866279395673,0.26646323151963,0.837448707232896,0.725552636676498,0.603120358375143,75,54,19,21,0.443786982248521,13
1,0.384099947037219,0.183522997691796,0.313489351387806,0.914826017243637,0.599026121375988,0.713810992239707,54,93,27,54,0.236842105263158,13
-1,0.800361670580788,0.21251860693007,0.221080116048772,1.1476676120451,0.570031287788518,0.626395392936736,30,207,64,0,0.0996677740863787,14
-0.9,0.891918581142332,0.223400418061492,0.235380791284643,1.25823635988784,0.586613509215877,0.641928258464457,46,227,58,3,0.137724550898204,14
-0.8,0.821406314731568,0.235668138466688,0.227554475974574,1.17296503670805,0.635398597930594,0.624636632097632,69,178,32,12,0.237113402061856,14
-0.7,0.675844946958616,0.197529927431631,0.27290899993393,0.921733858806091,0.598637304341715,0.615768134473601,53,107,57,0,0.244239631336406,14
-0.6,0.574038552492317,0.202954549643431,0.263718156204229,0.987021608452323,0.619041319610173,0.714853591264196,57,146,46,0,0.228915662650602,14
-0.5,0.514423269555696,0.186601541087765,0.286047530528795,0.831081633073306,0.687391659864453,0.658712204661402,50,92,64,0,0.242718446601942,14
-0.4,0.469938063693775,0.177936978460999,0.248818655643608,0.844385147842238,0.575585815355136,0.538710098838754,52,111,49,0,0.245283018867925,14
-0.3,0.289053219178341,0.189148099259667,0.186755222610352,0.665563496381262,0.503980386786841,0.627114594087558,68,66,19,5,0.430379746835443,14
-0.2,0.41664842085189,0.185584530412381,0.26781407404828,0.740849207886586,0.507502993027036,0.640875619544702,55,91,34,0,0.305555555555556,14
-0.1,0.233419147443578,0.184052870070334,0.249389251861246,0.660504248075209,0.570499430967577,0.555527726990136,60,69,24,0,0.392156862745098,14
0,0.226156927715485,0.174709889957611,0.230665163005969,0.635500588789103,0.704865549140446,0.512558893047925,60,75,24,0,0.377358490566038,14
0.1,0.312498073088232,0.175442738196724,0.257790100551673,0.726284425409445,0.657369299242444,0.648596129589134,80,60,20,11,0.467836257309941,14
0.2,0.205947850089742,0.200763831023535,0.265960081441493,0.738840984250813,0.562821776279814,0.642860447216084,85,56,0,10,0.562913907284768,14
0.3,0.205034213737416,0.209318962786945,0.226497873249603,0.622358026504622,0.58900880796188,0.554706364132991,93,23,4,1,0.768595041322314,14
0.4,0.17507285463848,0.2078908979102,0.247260554855387,0.590953666608096,0.56638693412504,0.56626622318714,79,35,7,22,0.552447552447552,14
0.5,0.178218052593415,0.177282388767851,0.238978739694009,0.694792487556942,0.544346318316602,0.639073926372818,86,24,14,23,0.585034013605442,14
0.6,0.201766964587867,0.177619001355128,0.292154264002201,0.798046626963457,0.666478031820418,0.668575725362113,70,56,7,43,0.397727272727273,14
0.7,0.237020663955456,0.190182398655154,0.232714732019561,0.690461713133241,0.63461464018539,0.575150837918563,64,40,10,37,0.423841059602649,14
0.8,0.246262368697965,0.187457410604065,0.267326423707101,0.76953000972108,0.603702948242603,0.611091949749379,60,54,30,19,0.368098159509202,14
0.9,0.251801577483029,0.196249980313178,0.249155323019332,0.699422112374176,0.569739177537409,0.625069877206351,75,31,9,29,0.520833333333333,14
1,0.393633987162976,0.189404271771396,0.27308047824088,0.956793568272015,0.619093620716308,0.580023103617765,64,91,20,46,0.289592760180996,14
-1,1.14003959755519,0.183862849755022,0.296782852789447,1.67459315196709,0.676675943029739,0.595271343544379,44,415,72,0,0.0828625235404896,15
-0.9,0.879223148870092,0.177695499188423,0.268953455516402,1.12988079206708,0.691740324035336,0.599691800517479,39,223,71,0,0.117117117117117,15
-0.8,0.82618735442882,0.169785824368069,0.248830461095059,1.24474933809316,0.681636841376907,0.618615819896742,42,246,82,0,0.113513513513514,15
-0.7,0.795046955020561,0.1870524193245,0.221543465117694,1.24072264813058,0.556328276268155,0.640090615616688,35,237,55,5,0.105421686746988,15
-0.6,0.667231422249128,0.204887785452699,0.289293490365987,0.942492948710417,0.593536496420598,0.6395898189502,21,150,61,0,0.0905172413793103,15
-0.5,0.493772399392138,0.183079686866783,0.274131909405327,0.902174718946554,0.650246415579158,0.696423738101348,56,134,56,0,0.227642276422764,15
-0.4,0.391933440838519,0.193966533924876,0.308117157923462,0.767277453482334,0.607226818662854,0.764195178087326,64,76,46,9,0.328205128205128,15
-0.3,0.301849591279471,0.177977969341562,0.269233353191448,0.723770976230258,0.629688694520335,0.788054885842988,93,53,23,3,0.540697674418605,15
-0.2,0.353356886797494,0.206123730027833,0.279390342865368,0.61831954532576,0.52203976432585,0.690149874279313,63,33,22,28,0.431506849315068,15
-0.1,0.28220305561645,0.164000542213719,0.236626576146808,0.744844202027515,0.614401537863249,0.630260978868223,100,50,20,0,0.588235294117647,15
0,0.277854560465949,0.17823853412522,0.293912200664297,0.639390755113838,0.630234191309163,0.593045553257734,85,37,30,0,0.55921052631579,15
0.1,0.237408607272884,0.189520022318034,0.259316970236452,0.603806994101563,0.648717137324565,0.667256580660813,78,32,19,18,0.530612244897959,15
0.2,0.197670688674115,0.192280820495692,0.273739362261654,0.580457642750167,0.760007638847382,0.647776650896872,71,29,37,50,0.379679144385027,15
0.3,0.185933382113805,0.21526344212545,0.348204360387478,0.53746674177338,0.666185594184815,0.703084801474402,87,19,18,35,0.547169811320755,15
0.4,0.196556962031102,0.198544280543327,0.256429010429714,0.579053264469384,0.551150945286347,0.533685874544743,70,19,5,33,0.551181102362205,15
0.5,0.182408216587602,0.183626763816839,0.238047635796661,0.489045933069264,0.621640365447274,0.593962227514378,79,23,9,17,0.6171875,15
0.6,0.188709861316688,0.199038499140277,0.258665722887411,0.820275747083752,0.564052995860987,0.663340181317102,71,65,12,56,0.348039215686274,15
0.7,0.245370366859802,0.216166983456897,0.227846576195316,0.884792606092422,0.588938556775012,0.61867812194544,81,60,13,5,0.509433962264151,15
0.8,0.25606417932936,0.193227293262646,0.282961643202195,0.84845631225004,0.588632325805087,0.651051631736252,65,60,12,38,0.371428571428571,15
0.9,0.352432497848885,0.180182342879117,0.284249106680849,0.808231362094706,0.708950234832721,0.623689505458362,65,73,4,35,0.367231638418079,15
1,0.377520949606298,0.197072597847339,0.33065062258714,0.90389523273483,0.576348776558545,0.595663333441262,52,76,11,23,0.320987654320988,15
-1,1.25650672965978,0.191801908659303,0.305175954147876,1.76219832149479,0.628490742093284,0.726980128127673,22,499,73,1,0.0369747899159664,16
-0.9,0.915570107018049,0.195507872030034,0.231846468013002,1.40051375619476,0.557392987142179,0.547189129751845,49,286,52,0,0.126614987080103,16
-0.8,1.033014141812,0.19223633030731,0.23885107508647,1.58350155975597,0.653186894194349,0.445453320202956,35,367,61,0,0.0755939524838013,16
-0.7,0.76734339074281,0.180664332843171,0.276223363410424,1.12834583971722,0.596071695231823,0.612289970248762,34,208,65,0,0.110749185667752,16
-0.6,0.769926598130456,0.188713633517717,0.392759875233703,1.12465006257622,0.657168058269771,0.759277817005975,48,189,65,0,0.158940397350993,16
-0.5,0.66621724069105,0.209603854694708,0.248254194461597,0.980023471559835,0.504498987478379,0.686550577217706,36,158,48,0,0.148760330578512,16
-0.4,0.509841491406852,0.186977472460162,0.315370842039421,0.850961363139454,0.619935152964174,0.710048858844819,47,112,58,0,0.216589861751152,16
-0.3,0.474405964742055,0.189484350016739,0.27939396504933,0.795678095093862,0.556666218401483,0.670034404561085,54,86,52,0,0.28125,16
-0.2,0.34962802575207,0.200660973457693,0.276060125722437,0.770781200712682,0.620671707775755,0.567497812964349,83,69,28,0,0.461111111111111,16
-0.1,0.41787357435282,0.188945431832445,0.291248733153442,0.786797545575718,0.489756115623793,0.576240124292158,57,88,32,1,0.320224719101124,16
0,0.263707534326106,0.180670770227657,0.225476126050072,0.572977857369749,0.676106450603422,0.630922218519076,85,29,38,1,0.555555555555556,16
0.1,0.24894998707832,0.202661238623455,0.237274926212908,0.658322801794853,0.64045506498988,0.622590643956793,89,49,15,0,0.581699346405229,16
0.2,0.216643701602293,0.172485586149506,0.269837861956116,0.57472746359111,0.687629594982628,0.552465354853339,56,46,32,18,0.368421052631579,16
0.3,0.190082871459017,0.169059587714679,0.313119309158883,0.580454814522722,0.707523030808151,0.565293086796136,68,40,30,9,0.462585034013605,16
0.4,0.191919967431923,0.187563270494038,0.281734749910178,0.531566500915856,0.593898965873349,0.612635255075775,68,19,6,40,0.511278195488722,16
0.5,0.175306930905398,0.216669421393167,0.263210042456485,0.678509314654405,0.672777967947298,0.561013731014099,67,46,24,26,0.411042944785276,16
0.6,0.214979316167479,0.189914459143015,0.301907341463977,0.744652999738836,0.618964193361813,0.672924971766624,68,45,36,23,0.395348837209302,16
0.7,0.198605262939663,0.179575891896828,0.288529894116635,0.749599097801921,0.675352898007448,0.738939899108752,81,42,30,37,0.426315789473684,16
0.8,0.226629974011393,0.175464994185117,0.220230685940787,0.811842930388259,0.551978480785153,0.57033128443223,67,54,16,23,0.41875,16
0.9,0.306689759438003,0.197884557287198,0.35849291865493,0.928949374335568,0.598223170319938,0.724580307967824,55,83,6,86,0.239130434782609,16
1,0.456072068028553,0.192308224230227,0.219963555874744,0.969826868460447,0.562036254101011,0.589546821984198,61,88,37,19,0.297560975609756,16
-1,0.852616511344145,0.183904374816727,0.298788326710614,1.2597208932371,0.632150281375987,0.703441298970309,31,241,70,0,0.0906432748538012,17
-0.9,0.910954771933319,0.209204875185626,0.318016880018255,1.34843442248085,0.60093310584976,0.66952471086097,43,268,58,0,0.116531165311653,17
-0.8,0.88777107993859,0.193711400866966,0.28386717972812,1.26751650429657,0.61544500528375,0.610571876090713,46,236,55,0,0.136498516320475,17
-0.7,0.978407964837995,0.205602469078838,0.294247458656782,1.54236138877609,0.515003276199844,0.655053071033075,32,350,45,1,0.0747663551401869,17
-0.6,0.539007099247483,0.171400615579594,0.257081887568847,0.822127951408817,0.645755019453137,0.70320861000726,35,110,78,0,0.15695067264574,17
-0.5,0.634069066750182,0.161517155156494,0.211642822533108,1.05350600844388,0.768775267383632,0.462601671932902,49,181,76,0,0.160130718954248,17
-0.4,0.495130317784209,0.181746675606702,0.279054341258692,0.849351278026535,0.720109177409558,0.591876584020087,82,96,51,0,0.358078602620087,17
-0.3,0.385212534928502,0.219963692035883,0.266216379947607,0.67611617114049,0.690509729225064,0.64706752295483,80,42,39,1,0.493827160493827,17
-0.2,0.328485947853299,0.181760723176369,0.280620672225022,0.723053717974161,0.548676138712118,0.634823802907508,71,76,23,2,0.412790697674419,17
-0.1,0.351557133802215,0.215407568936529,0.312583061234162,0.726960796611143,0.601623255269093,0.59679461879944,90,49,15,0,0.584415584415584,17
0,0.250288638873172,0.211826684110391,0.267386033751315,0.625057409911558,0.482092671017564,0.645489930197805,77,32,1,10,0.641666666666667,17
0.1,0.217061398313979,0.179630480038921,0.276409102070195,0.562361801173239,0.554073762070814,0.629288680707,78,26,24,4,0.590909090909091,17
0.2,0.225246408183418,0.185524960536538,0.322907531793687,0.577180059019232,0.626878457906541,0.64890705718293,58,28,16,47,0.389261744966443,17
0.3,0.197376989639909,0.184247963348296,0.216601054698207,0.59291101703595,0.454018679926628,0.582310503927318,79,28,5,20,0.598484848484849,17
0.4,0.169308365345403,0.193232633407282,0.301674940763277,0.614385981534056,0.523659540663469,0.605709940209178,61,54,2,27,0.423611111111111,17
0.5,0.166012397159362,0.174573859462215,0.219769741753371,0.513940315282508,0.593153021438676,0.526841930376972,72,38,18,21,0.483221476510067,17
0.6,0.23357856481453,0.189212983697046,0.280742570199214,0.683536169485656,0.616523888133916,0.563354305169729,61,49,8,17,0.451851851851852,17
0.7,0.270136351366235,0.185066543497234,0.241340522562808,0.833526975597088,0.658057502253249,0.65244268038115,77,52,2,37,0.458333333333333,17
0.8,0.288683088843558,0.19865255163484,0.257891691677539,0.938851693340253,0.594674180383361,0.694630367474908,76,70,20,58,0.339285714285714,17
0.9,0.300467293474859,0.181733756784176,0.271002760832728,0.985597420798534,0.568363207868064,0.659112970959516,58,87,27,44,0.268518518518519,17
1,0.35859127542023,0.206206183988361,0.318852561287789,0.815835386599188,0.584100782185672,0.673205568894823,42,97,31,64,0.17948717948718,17
-1,0.975056081985575,0.180340832241485,0.251178235967966,1.36967560953909,0.674337364112615,0.620848916303704,47,281,80,0,0.115196078431373,18
-0.9,0.861515411070338,0.194960219575021,0.276972147261261,1.30602244842996,0.584712373940491,0.630822561301126,40,260,63,0,0.110192837465565,18
-0.8,1.07091547201241,0.195058352313023,0.318311554165136,1.62823038043803,0.666071315309133,0.629809344302394,21,390,83,0,0.0425101214574899,18
-0.7,0.662170285792553,0.20837860364827,0.237953786962351,0.986642482341677,0.642356775375847,0.765546311324373,40,153,59,0,0.158730158730159,18
-0.6,0.788269135283866,0.160350033795145,0.306226619677405,1.26863291823986,0.673423539607494,0.735460227169696,68,223,72,0,0.18732782369146,18
-0.5,0.80752791797637,0.169642468712011,0.305671438502376,1.32677551836234,0.64739333218718,0.682472621304149,34,287,70,0,0.0869565217391304,18
-0.4,0.473214287500741,0.19790062807596,0.301078288521722,0.832797267891167,0.630119493763867,0.744632957449267,48,107,49,0,0.235294117647059,18
-0.3,0.393265897827695,0.179508773998138,0.297549770001589,0.722648369370987,0.630098059703609,0.694856814072138,98,35,31,5,0.579881656804734,18
-0.2,0.328240744641374,0.183832394728031,0.312514615757842,0.630535361439912,0.649074697434994,0.701853867495798,76,43,42,7,0.452380952380952,18
-0.1,0.410509281376959,0.188874058926092,0.216484193886338,0.831205268809994,0.590156262431174,0.58138703164303,65,112,31,1,0.311004784688995,18
0,0.264094566145247,0.200514744470069,0.248690507997059,0.615310428019187,0.593806193321516,0.548238282517449,67,55,9,5,0.492647058823529,18
0.1,0.301775384003949,0.202758892551178,0.319760308114166,0.6627947036365,0.601835586191681,0.613990145922765,58,86,19,0,0.355828220858896,18
0.2,0.200181437077437,0.202625573604278,0.265978582547533,0.633112324726687,0.573046239124979,0.585665057466833,69,49,2,13,0.518796992481203,18
0.3,0.181303989378206,0.185901526000522,0.225729968363361,0.603647670568347,0.643976436417398,0.54916274515852,64,39,32,9,0.444444444444444,18
0.4,0.192211266430295,0.193162975189224,0.280364329281107,0.499479982888798,0.561176414703994,0.65549441748605,75,12,5,33,0.6,18
0.5,0.199578064787537,0.186855366618889,0.273622758408119,0.563635791071489,0.668679799556355,0.608456754126343,59,36,13,46,0.383116883116883,18
0.6,0.181112879067341,0.198694809410352,0.271057951527768,0.785258573097228,0.561347324403083,0.627813119488332,70,55,0,48,0.404624277456647,18
0.7,0.253372400376472,0.197209907937622,0.283496363574071,0.672887118187898,0.599339624936838,0.566245391441777,54,74,30,23,0.298342541436464,18
0.8,0.238810492795633,0.192508684246838,0.294892951301299,0.628988951847462,0.644082384052532,0.567063650302433,60,28,22,20,0.461538461538462,18
0.9,0.344534172235971,0.195427995975063,0.263475872715706,0.84421996267524,0.595078220875524,0.735741631684101,75,52,44,31,0.371287128712871,18
1,0.288775138034703,0.196476820051098,0.244182764684104,0.759062726474436,0.564793269753872,0.642301993971668,69,48,9,43,0.408284023668639,18
-1,1.06752638461606,0.188346639840301,0.306748822066412,1.56383895807966,0.493811827867294,0.643270455995366,30,378,42,6,0.0657894736842105,19
-0.9,1.11611745574395,0.212917489740266,0.318021167679935,1.65725299105576,0.57199035926029,0.689925254235019,40,403,63,0,0.0790513833992095,19
-0.8,0.752667912272328,0.168233676491854,0.245903208312707,1.12931000709028,0.54800401297697,0.665380762820758,57,182,55,0,0.193877551020408,19
-0.7,0.882788736928121,0.18532408341359,0.211034003549049,1.39020225699139,0.580028323082194,0.6375029173956,32,307,55,0,0.0812182741116751,19
-0.6,0.592227423167959,0.197112587221962,0.345823286279748,0.940463381892819,0.497021334678749,0.732246896974691,47,139,27,3,0.217592592592593,19
-0.5,0.559396801491177,0.177033275407196,0.251653180388398,0.850972505719639,0.68396141843362,0.61897560521319,57,106,64,0,0.251101321585903,19
-0.4,0.648982517912036,0.191086018358933,0.213943689272097,1.14660924616635,0.625648303068905,0.618155274543426,74,188,41,0,0.244224422442244,19
-0.3,0.336012322259742,0.18852457649275,0.313693311928184,0.717675904446176,0.710773559792037,0.663331373658421,69,73,51,0,0.357512953367876,19
-0.2,0.29648604683605,0.216200715688499,0.255739694741868,0.633434203012956,0.498068245488802,0.625447645952893,61,57,14,4,0.448529411764706,19
-0.1,0.346886442862357,0.190795044492656,0.256350977609561,0.607810559836425,0.745190883438088,0.58076384876135,55,48,57,1,0.341614906832298,19
0,0.273985595186756,0.199947782039466,0.333999975252033,0.599617756979547,0.653189137035033,0.631093889529523,63,22,30,56,0.368421052631579,19
0.1,0.301995006077004,0.205313657902036,0.297033382306362,0.62700157675305,0.58512072495993,0.648909415723565,84,34,17,3,0.608695652173913,19
0.2,0.180407278194728,0.166553830628579,0.248288362278195,0.5827637383848,0.64222592916414,0.679141908988814,88,15,26,25,0.571428571428571,19
0.3,0.201490425735184,0.172124041561715,0.211889409964268,0.604410342264745,0.645554708248099,0.573877742475182,69,25,22,29,0.475862068965517,19
0.4,0.174456740709085,0.207332690015718,0.23057345314535,0.677424424685872,0.659955804520342,0.597587887591709,81,32,32,8,0.529411764705882,19
0.5,0.158360784184977,0.169816915555127,0.229208808275113,0.753493616161344,0.606841022510692,0.662211567919161,78,31,30,26,0.472727272727273,19
0.6,0.206150270808905,0.175924889548285,0.296495102778867,0.726911978082389,0.539707025867293,0.670521481797857,69,43,4,50,0.41566265060241,19
0.7,0.225041423147147,0.186540757591754,0.20330144754183,0.829345591921031,0.627471888797083,0.588378790118493,79,48,28,4,0.49685534591195,19
0.8,0.272410842304832,0.19293264250161,0.261459840751798,0.909346579655498,0.638090600726386,0.557317755702644,61,81,13,18,0.352601156069364,19
0.9,0.350663778629099,0.184279249882573,0.262677015276624,1.02115630468246,0.572584200947114,0.586853691927179,63,93,32,23,0.298578199052133,19
1,0.35247365612136,0.18623311468314,0.34323431559128,0.983135754414302,0.657882060105812,0.651965082796964,51,98,41,17,0.246376811594203,19
-1,0.806082787388707,0.204857624337787,0.254798528720398,1.206439134189,0.607428398424295,0.683746198109718,33,243,64,0,0.0970588235294118,20
-0.9,1.08252642396122,0.200400755641333,0.264746461711697,1.63126058066373,0.51350679112513,0.580318928868152,22,394,51,4,0.0467091295116773,20
-0.8,0.892796098690234,0.189198934272305,0.222965915091272,1.41417517111142,0.592857749537651,0.665911300798353,53,292,60,0,0.130864197530864,20
-0.7,0.775879103422643,0.19563251587144,0.235736925244184,1.13090405595393,0.565807112700403,0.575137823038592,40,218,53,1,0.128205128205128,20
-0.6,0.635045057883104,0.196886845924198,0.221457813375205,0.986510528769729,0.587212221658792,0.611163426498432,50,138,59,0,0.202429149797571,20
-0.5,0.466667656147032,0.201226622800692,0.234746125002469,0.688152342063966,0.639439608252222,0.642654226763646,67,40,52,2,0.416149068322981,20
-0.4,0.428735926718004,0.218942254357384,0.271871254354275,0.707195727405577,0.56324679301586,0.568418122395782,81,37,17,3,0.58695652173913,20
-0.3,0.427168211236596,0.197033173367047,0.279351069851277,0.845800659184727,0.775945062831646,0.591480766536982,47,124,70,0,0.195020746887967,20
-0.2,0.339897717787677,0.182560805160527,0.282436985226032,0.688352857518078,0.591595325960054,0.660377416068602,73,53,36,1,0.447852760736196,20
-0.1,0.321071699206014,0.171172437259203,0.250759102950303,0.668630402224629,0.718403885256452,0.603475977651474,78,65,37,1,0.430939226519337,20
0,0.241090934428173,0.172985916127351,0.250988711404094,0.530118601833392,0.656004077364251,0.604185877049132,63,18,41,23,0.43448275862069,20
0.1,0.234473038800108,0.186637421115432,0.325294333575184,0.598225258234624,0.629539606601377,0.724768060715737,68,35,16,48,0.407185628742515,20
0.2,0.20707095256189,0.185093384510111,0.313908536926278,0.629648136293006,0.668857059887706,0.621611086173997,65,29,19,36,0.436241610738255,20
0.3,0.169237539991772,0.193373767557973,0.258927802232214,0.582355942090489,0.62712606300974,0.620295534516368,71,47,6,8,0.537878787878788,20
0.4,0.190591299413674,0.203163718982395,0.26386642349454,0.65231270631208,0.56982179143321,0.642617692521727,63,37,2,57,0.39622641509434,20
0.5,0.193739729509732,0.177134824594691,0.242343717572129,0.672955420005625,0.534987817234277,0.699158010881798,79,28,24,17,0.533783783783784,20
0.6,0.184094933510928,0.172824217458233,0.274931372454179,0.545327132786452,0.712073114070285,0.66639059488644,66,23,42,37,0.392857142857143,20
0.7,0.260522316589205,0.211565884780602,0.263593507314261,0.798112503442096,0.632528237324995,0.653452833685896,78,48,20,41,0.417112299465241,20
0.8,0.235628455200078,0.224906841137185,0.262749077934667,0.808115126864991,0.611841679426823,0.582250270168067,57,65,61,1,0.309782608695652,20
0.9,0.26217322767585,0.197036850997784,0.261187633107134,0.703585038270995,0.628118240736407,0.507635207309339,63,39,46,6,0.409090909090909,20
1,0.347832144297994,0.206556715308572,0.273295408355218,0.940114619704083,0.590598013923548,0.712813756902227,76,66,47,13,0.376237623762376,20
-1,0.988716755828698,0.183452919661015,0.218366947863008,1.37647363018278,0.569461267547318,0.618210871488733,38,296,68,0,0.0945273631840796,21
-0.9,0.834871363372884,0.192884919873239,0.288422099530055,1.14597295798975,0.578717019416638,0.578767210035881,42,190,62,0,0.142857142857143,21
-0.8,0.680526671136307,0.191982728929664,0.250411194111794,1.03323786043204,0.624785297233444,0.623898406574101,36,175,70,0,0.128113879003559,21
-0.7,0.674816172051394,0.198980320079445,0.199822658240611,1.05761560868377,0.597216554271777,0.746817745772566,32,185,65,7,0.110726643598616,21
-0.6,0.832297163589518,0.20977351943806,0.248365409692657,1.3604038339637,0.574878378905017,0.568782864126913,41,286,49,0,0.109042553191489,21
-0.5,0.452026008423934,0.204504261228922,0.276115969040961,0.786354440166991,0.593173963245348,0.673468478853737,69,64,44,0,0.389830508474576,21
-0.4,0.421062819247942,0.185778328594431,0.272711071212394,0.83801361957659,0.632914992506742,0.565807965886885,74,101,39,0,0.345794392523364,21
-0.3,0.444495015125722,0.197389336721871,0.23895157265163,0.93404173419472,0.542597095758599,0.557418873997368,78,126,20,0,0.348214285714286,21
-0.2,0.348176576407541,0.179649585980804,0.281371026343316,0.801232497601752,0.59003767982101,0.608403012687843,94,66,16,0,0.534090909090909,21
-0.1,0.283946621429062,0.176948553337207,0.262572149460136,0.579965458878689,0.663997111030361,0.556226599099017,66,44,48,2,0.4125,21
0,0.257225411495131,0.187486892558522,0.2107972269527,0.638289421009121,0.592065711586125,0.650919820592101,95,30,20,4,0.63758389261745,21
0.1,0.210666315480684,0.187604153889895,0.286356708079618,0.624932225762924,0.67294863672037,0.611271863458176,83,35,12,21,0.549668874172185,21
0.2,0.195202522668217,0.206087861418322,0.246936347773849,0.652827539604663,0.53934717407978,0.53064339382498,61,65,4,3,0.458646616541353,21
0.3,0.196982969964428,0.183945659068859,0.282004669346822,0.653594490124497,0.693312767778187,0.666894743041739,79,27,12,45,0.484662576687117,21
0.4,0.173257736784065,0.18309989895493,0.231299425754124,0.657026481865304,0.499145962932312,0.677012453349777,69,40,3,57,0.408284023668639,21
0.5,0.168894037570758,0.192963024667661,0.348608072177432,0.683783408889959,0.69604358000682,0.703630213151725,70,41,9,62,0.384615384615385,21
0.6,0.180239732870582,0.220934299162512,0.310937764078781,0.731242706887343,0.533775385637405,0.671017799558412,68,56,2,47,0.393063583815029,21
0.7,0.248063566140668,0.188024181944974,0.242178094259922,0.736500491424893,0.66386082776162,0.547748223123816,46,66,22,39,0.265895953757225,21
0.8,0.287210754033374,0.174065164299548,0.314113797812328,0.93305761094413,0.700989970883532,0.570268925166623,62,75,33,21,0.324607329842932,21
0.9,0.385443375752111,0.196236140639287,0.302468409473534,1.11798654447125,0.595058914491267,0.755873221635311,67,99,8,76,0.268,21
1,0.414420851114039,0.190842967025912,0.292840811545186,1.01845859834668,0.661794713315083,0.668347270641043,52,114,34,46,0.211382113821138,21
-1,1.23357826299543,0.17049197088629,0.220277222721928,1.74795348737068,0.687648629012205,0.554883895166088,49,465,69,0,0.0840480274442539,22
-0.9,0.922806167912907,0.207970939511165,0.34235516390592,1.42827645362378,0.473534856536444,0.697978516853742,47,292,43,2,0.122395833333333,22
-0.8,0.887672489654929,0.189148975012933,0.306585972419528,1.31555109923265,0.671343857012396,0.581360728861851,35,279,67,0,0.0918635170603675,22
-0.7,0.780394016396021,0.198102178978346,0.276946369866988,1.04683030389868,0.498505983382589,0.65375112815028,25,201,59,0,0.087719298245614,22
-0.6,0.621944839702632,0.186402477007689,0.282251294725991,0.934518435101318,0.543337328246284,0.576213464359037,52,117,49,0,0.238532110091743,22
-0.5,0.403989259057354,0.194888905691005,0.224919848714935,0.660419123110071,0.700586175547422,0.654856447994666,34,69,71,0,0.195402298850575,22
-0.4,0.46917496400354,0.21542690322589,0.288866145602406,0.838895168640646,0.592407973412726,0.643116643040041,69,97,35,1,0.341584158415842,22
-0.3,0.47382066004364,0.184670340956666,0.281686843748783,0.773073663068578,0.528663966658701,0.69812157888418,83,45,12,10,0.553333333333333,22
-0.2,0.358119805980053,0.172666102510873,0.213733324794154,0.673690546839019,0.520948814485055,0.700050186891373,105,42,7,8,0.648148148148148,22
-0.1,0.296957151866877,0.223624205804963,0.225614895856883,0.627604872103759,0.578352315376255,0.485738936199947,82,40,9,0,0.625954198473282,22
0,0.266283626495729,0.174836522236902,0.338002744165249,0.709523935524473,0.710129710520086,0.669932820395767,71,73,36,1,0.392265193370166,22
0.1,0.22027389660881,0.203630501241306,0.32329469637392,0.52233542009024,0.598579845515835,0.690047731622817,74,15,23,54,0.44578313253012,22
0.2,0.214276127841683,0.161097520517432,0.305991719852264,0.614516993527552,0.659530942160794,0.684603697354797,77,32,11,48,0.458333333333333,22
0.3,0.184662192997818,0.187191515233544,0.240102992902412,0.439267153919363,0.584306808316197,0.62096048617084,54,0,42,39,0.4,22
0.4,0.183546130064715,0.208662798514194,0.260718003500425,0.561452675176042,0.497161132710998,0.620746258885431,63,25,3,49,0.45,22
0.5,0.19129138801443,0.189418957191159,0.319568886776515,0.602314456543573,0.618512013325162,0.707991056278966,74,33,9,52,0.44047619047619,22
0.6,0.221675582208517,0.197641614205991,0.384766637354572,0.747357277303707,0.660274991000528,0.741785157779127,73,45,16,43,0.412429378531073,22
0.7,0.288515638080158,0.196474591269417,0.295263670886239,0.73009682637809,0.601941718184231,0.626836206964279,59,51,6,66,0.324175824175824,22
0.8,0.283367302449429,0.181635018749313,0.257436751467629,0.729498628893312,0.659751704780302,0.594243371445037,63,48,24,17,0.414473684210526,22
0.9,0.312633629903731,0.194028763652411,0.2822426605758,0.821358864473703,0.562474874975514,0.606626297429082,60,60,12,31,0.368098159509202,22
1,0.371476086924509,0.176923653961923,0.266413395381181,1.14287056247367,0.705006140145241,0.72887411472775,68,99,20,58,0.277551020408163,22
-1,1.02555276633765,0.204127970093875,0.293962484050287,1.4972355652181,0.55691766741299,0.739776057738717,36,340,65,0,0.0816326530612245,23
-0.9,0.868805803424866,0.213507723080876,0.204592180991654,1.34070290489735,0.535414197128344,0.615824643059547,26,300,51,13,0.0666666666666667,23
-0.8,0.632656404445323,0.196599572859115,0.252406404153495,0.890521849002698,0.626065020916659,0.630222005633722,43,113,58,0,0.200934579439252,23
-0.7,0.845475088317104,0.196139258970441,0.274103990907223,1.31557788437218,0.554716616798711,0.613988343260633,41,274,47,0,0.113259668508287,23
-0.6,0.870230421249646,0.187388194225483,0.277019499352826,1.37973860358828,0.630107584004176,0.586445377783291,46,282,69,0,0.115869017632242,23
-0.5,0.499802934649313,0.196429093059915,0.209607136540733,0.867605049000709,0.663143703645476,0.5167763701964,38,130,64,0,0.163793103448276,23
-0.4,0.454736074030722,0.187877982042931,0.206442648843526,0.734665065995438,0.617430170843384,0.631195264793806,78,52,31,1,0.481481481481481,23
-0.3,0.356172779545134,0.214702703008051,0.296034589446944,0.715413974406588,0.521004335353963,0.606758025530665,57,76,36,2,0.333333333333333,23
-0.2,0.421182421395963,0.201549787104236,0.271866101804931,0.737228371275795,0.669249419288978,0.705622673534722,65,60,49,4,0.365168539325843,23
-0.1,0.302705506692556,0.181192155124627,0.2554947072664,0.73221752346603,0.633447528901796,0.700424129903234,80,66,26,1,0.46242774566474,23
0,0.246983871274301,0.185668795462087,0.272112559942952,0.619103927244183,0.516865334450723,0.585449873666075,67,66,21,1,0.432258064516129,23
0.1,0.267800117576504,0.191079340213565,0.304023877574257,0.654227657776501,0.609725661913606,0.614415281275974,102,24,12,12,0.68,23
0.2,0.187807185832176,0.190708788817831,0.305804819525816,0.487422694611657,0.535669957300654,0.64097879261144,69,7,21,41,0.5,23
0.3,0.215406462465623,0.201884213490579,0.263129120466203,0.572651541259603,0.521545797352944,0.577186892837884,64,31,15,45,0.412903225806452,23
0.4,0.187745396846718,0.19059574753335,0.306847609128807,0.628270795046244,0.629012852353235,0.713607984339248,85,25,11,34,0.548387096774194,23
0.5,0.178219286062116,0.224989159369035,0.211751230231485,0.729335489845703,0.554934124796121,0.643877855633163,78,42,19,9,0.527027027027027,23
0.6,0.247440456572416,0.206474095034087,0.305744094315175,0.747244307183642,0.561367453696245,0.821517332393264,69,42,22,68,0.343283582089552,23
0.7,0.240755827558348,0.199333993941624,0.25709178157845,0.958378533417516,0.753773319709466,0.684462646994563,74,71,49,10,0.362745098039216,23
0.8,0.273177402767075,0.185107069479231,0.230980166875552,0.953822882650205,0.64196473932669,0.478230971627676,44,91,37,0,0.255813953488372,23
0.9,0.35515789115623,0.17527449870449,0.31494713958215,1.02902688851592,0.675980217269196,0.599340980023562,48,107,29,26,0.228571428571429,23
1,0.401518040175611,0.197574469674459,0.266232930730775,1.09130219434502,0.555054478924236,0.552357269696116,64,99,20,1,0.347826086956522,23
-1,0.945461934162856,0.199605571810197,0.252355802271197,1.36721600102605,0.50861092672966,0.530405256909788,33,301,59,0,0.083969465648855,24
-0.9,0.921300207223596,0.230109382435509,0.366783443275665,1.41327683764044,0.533586702333539,0.721870256598716,32,301,48,0,0.083989501312336,24
-0.8,0.720071729398074,0.174704292342308,0.306250875700152,1.12070349036044,0.620630797826284,0.599912336104957,37,201,65,0,0.122112211221122,24
-0.7,0.743224294686639,0.187733287639498,0.317807642992511,1.18863709253391,0.706382290072709,0.688540609893293,34,238,75,0,0.0979827089337176,24
-0.6,0.593007873953975,0.218094617465664,0.269803738418635,0.901025800258241,0.678165822220871,0.499000597651602,58,109,56,0,0.260089686098655,24
-0.5,0.580636520748858,0.201177273305341,0.305655961140355,0.894338874251036,0.613457609220068,0.656006443660446,48,110,57,0,0.223255813953488,24
-0.4,0.465100733465496,0.168108240748861,0.29191467926816,0.830964272126924,0.648222940461948,0.693478018456483,68,86,59,0,0.31924882629108,24
-0.3,0.406884114800937,0.193448352064217,0.303657446143473,0.710389528171204,0.637976193612345,0.64151944160151,45,78,58,0,0.248618784530387,24
-0.2,0.318403874134595,0.192279761550946,0.264612802785673,0.619354874866074,0.67210808687725,0.647555547578649,80,31,36,10,0.509554140127389,24
-0.1,0.317735712641594,0.178293790855585,0.252388685593517,0.619234375104296,0.728108194740076,0.611019955798875,86,41,47,0,0.494252873563218,24
0,0.269145737358463,0.216335324029751,0.258018561036555,0.593184461295214,0.603654467098865,0.58809461887189,81,31,14,11,0.591240875912409,24
0.1,0.243562549314292,0.203518786412431,0.279511349394991,0.480245450508078,0.664668442347401,0.681276271967907,61,2,57,34,0.396103896103896,24
0.2,0.211543800002292,0.210015457318081,0.254073004579412,0.679761592818501,0.633561092648381,0.548456564309232,79,32,8,3,0.647540983606557,24
0.3,0.179100837662332,0.187981949856541,0.292471886263776,0.633581961294375,0.551880308199132,0.74263006076456,80,17,4,55,0.512820512820513,24
0.4,0.163721835289871,0.183215638492651,0.263956278666804,0.780323683514732,0.657710206002896,0.623273858041023,73,56,15,37,0.403314917127072,24
0.5,0.157842134869018,0.186031484053258,0.312904854631035,0.686062362629916,0.610163735804907,0.593650230411385,61,67,4,28,0.38125,24
0.6,0.21270285569491,0.207527408151116,0.31421926802154,0.695014745004168,0.629678047054419,0.679104739613606,61,57,3,75,0.311224489795918,24
0.7,0.262556018224927,0.180706738149462,0.275741418131128,0.662541442293033,0.531579082591021,0.654818442341188,72,26,16,40,0.467532467532468,24
0.8,0.34114890069419,0.19634474275308,0.244178155066153,0.908149793164432,0.521849283958099,0.623378082876172,69,90,15,38,0.325471698113208,24
0.9,0.28781510846371,0.18610695812792,0.26996069809105,0.830058227924896,0.575356689428943,0.68723253643069,71,66,17,45,0.35678391959799,24
1,0.30017253888756,0.195287074330217,0.249011401184624,1.06303698874635,0.567508605434729,0.75296119423373,79,78,17,56,0.343478260869565,24
